statement_id,account_id,render_month,transaction_pages,transaction_width,transaction_height,transaction_megapixels,fact_transactions,net_amount_thb,deposit_rows,withdrawal_rows,transfer_rows,fee_rows,min_balance_after_thb,max_balance_after_thb,bank,account_number,account_role,associated_branch_code,currency,opening_balance_thb,statement_cadence,fact_rows_per_transaction_page
BS-BBL-OPER-2567-01,BBL-OPER,2024-01,1,1240,1234,1.53016,1,500000.0,0,0,1,0,3500000.0,3500000.0,BBL,003-1-00001-3,operating,,THB,3000000.0,monthly,1.0
BS-BBL-OPER-2567-02,BBL-OPER,2024-02,1,1240,1234,1.53016,1,500000.0,0,0,1,0,4000000.0,4000000.0,BBL,003-1-00001-3,operating,,THB,3000000.0,monthly,1.0
BS-BBL-OPER-2567-03,BBL-OPER,2024-03,1,1240,1234,1.53016,1,500000.0,0,0,1,0,4500000.0,4500000.0,BBL,003-1-00001-3,operating,,THB,3000000.0,monthly,1.0
BS-BBL-OPER-2567-04,BBL-OPER,2024-04,1,1240,1234,1.53016,1,500000.0,0,0,1,0,5000000.0,5000000.0,BBL,003-1-00001-3,operating,,THB,3000000.0,monthly,1.0
BS-BBL-OPER-2567-05,BBL-OPER,2024-05,1,1240,1234,1.53016,1,500000.0,0,0,1,0,5500000.0,5500000.0,BBL,003-1-00001-3,operating,,THB,3000000.0,monthly,1.0
BS-BBL-OPER-2567-06,BBL-OPER,2024-06,1,1240,1234,1.53016,1,500000.0,0,0,1,0,6000000.0,6000000.0,BBL,003-1-00001-3,operating,,THB,3000000.0,monthly,1.0
BS-BBL-OPER-2567-07,BBL-OPER,2024-07,1,1240,1234,1.53016,1,500000.0,0,0,1,0,6500000.0,6500000.0,BBL,003-1-00001-3,operating,,THB,3000000.0,monthly,1.0
BS-BBL-OPER-2567-08,BBL-OPER,2024-08,1,1240,1234,1.53016,1,500000.0,0,0,1,0,7000000.0,7000000.0,BBL,003-1-00001-3,operating,,THB,3000000.0,monthly,1.0
BS-BBL-OPER-2567-09,BBL-OPER,2024-09,1,1240,1234,1.53016,1,500000.0,0,0,1,0,7500000.0,7500000.0,BBL,003-1-00001-3,operating,,THB,3000000.0,monthly,1.0
BS-BBL-OPER-2567-10,BBL-OPER,2024-10,1,1240,1234,1.53016,1,500000.0,0,0,1,0,8000000.0,8000000.0,BBL,003-1-00001-3,operating,,THB,3000000.0,monthly,1.0
BS-BBL-OPER-2567-11,BBL-OPER,2024-11,1,1240,1234,1.53016,1,500000.0,0,0,1,0,8500000.0,8500000.0,BBL,003-1-00001-3,operating,,THB,3000000.0,monthly,1.0
BS-BBL-OPER-2567-12,BBL-OPER,2024-12,1,1240,1234,1.53016,1,500000.0,0,0,1,0,9000000.0,9000000.0,BBL,003-1-00001-3,operating,,THB,3000000.0,monthly,1.0
BS-BBL-OPER-2568-01,BBL-OPER,2025-01,1,1240,1234,1.53016,1,500000.0,0,0,1,0,9500000.0,9500000.0,BBL,003-1-00001-3,operating,,THB,3000000.0,monthly,1.0
BS-BBL-OPER-2568-02,BBL-OPER,2025-02,1,1240,1234,1.53016,1,500000.0,0,0,1,0,10000000.0,10000000.0,BBL,003-1-00001-3,operating,,THB,3000000.0,monthly,1.0
BS-BBL-OPER-2568-03,BBL-OPER,2025-03,1,1240,1234,1.53016,1,500000.0,0,0,1,0,10500000.0,10500000.0,BBL,003-1-00001-3,operating,,THB,3000000.0,monthly,1.0
BS-BBL-OPER-2568-04,BBL-OPER,2025-04,1,1240,1234,1.53016,1,500000.0,0,0,1,0,11000000.0,11000000.0,BBL,003-1-00001-3,operating,,THB,3000000.0,monthly,1.0
BS-BBL-OPER-2568-05,BBL-OPER,2025-05,1,1240,1234,1.53016,1,500000.0,0,0,1,0,11500000.0,11500000.0,BBL,003-1-00001-3,operating,,THB,3000000.0,monthly,1.0
BS-BBL-OPER-2568-06,BBL-OPER,2025-06,1,1240,1234,1.53016,1,500000.0,0,0,1,0,12000000.0,12000000.0,BBL,003-1-00001-3,operating,,THB,3000000.0,monthly,1.0
BS-BBL-OPER-2568-07,BBL-OPER,2025-07,1,1240,1234,1.53016,1,500000.0,0,0,1,0,12500000.0,12500000.0,BBL,003-1-00001-3,operating,,THB,3000000.0,monthly,1.0
BS-BBL-OPER-2568-08,BBL-OPER,2025-08,1,1240,1234,1.53016,1,500000.0,0,0,1,0,13000000.0,13000000.0,BBL,003-1-00001-3,operating,,THB,3000000.0,monthly,1.0
BS-BBL-OPER-2568-09,BBL-OPER,2025-09,1,1240,1234,1.53016,1,500000.0,0,0,1,0,13500000.0,13500000.0,BBL,003-1-00001-3,operating,,THB,3000000.0,monthly,1.0
BS-BBL-OPER-2568-10,BBL-OPER,2025-10,1,1240,1234,1.53016,1,500000.0,0,0,1,0,14000000.0,14000000.0,BBL,003-1-00001-3,operating,,THB,3000000.0,monthly,1.0
BS-BBL-OPER-2568-11,BBL-OPER,2025-11,1,1240,1234,1.53016,1,500000.0,0,0,1,0,14500000.0,14500000.0,BBL,003-1-00001-3,operating,,THB,3000000.0,monthly,1.0
BS-BBL-OPER-2568-12,BBL-OPER,2025-12,1,1240,1234,1.53016,1,500000.0,0,0,1,0,15000000.0,15000000.0,BBL,003-1-00001-3,operating,,THB,3000000.0,monthly,1.0
BS-KBANK-OPER-2567-01,KBANK-OPER,2024-01,22,2968,2850,8.4588,995,-30628200.0,9,982,2,2,-20628200.0,9970100.0,KBank,001-1-00001-1,operating,,THB,10000000.0,monthly,45.22727272727273
BS-KBANK-OPER-2567-02,KBANK-OPER,2024-02,28,2968,2850,8.4588,1245,19294700.0,291,950,2,2,-20658100.0,21391100.0,KBank,001-1-00001-1,operating,,THB,10000000.0,monthly,44.464285714285715
BS-KBANK-OPER-2567-03,KBANK-OPER,2024-03,34,2968,2850,8.4588,1532,75789400.0,567,961,2,2,-1245600.0,94537200.0,KBank,001-1-00001-1,operating,,THB,10000000.0,monthly,45.05882352941177
BS-KBANK-OPER-2567-04,KBANK-OPER,2024-04,33,2968,2850,8.4588,1505,80994200.0,592,909,2,2,74719800.0,175117100.0,KBank,001-1-00001-1,operating,,THB,10000000.0,monthly,45.60606060606061
BS-KBANK-OPER-2567-05,KBANK-OPER,2024-05,34,2968,2850,8.4588,1525,68539200.0,540,981,2,2,155316700.0,243766300.0,KBank,001-1-00001-1,operating,,THB,10000000.0,monthly,44.85294117647059
BS-KBANK-OPER-2567-06,KBANK-OPER,2024-06,34,2968,2850,8.4588,1537,73173100.0,562,971,2,2,224126100.0,316099800.0,KBank,001-1-00001-1,operating,,THB,10000000.0,monthly,45.205882352941174
BS-KBANK-OPER-2567-07,KBANK-OPER,2024-07,36,2968,2850,8.4588,1621,88876700.0,626,991,2,2,297380700.0,406105000.0,KBank,001-1-00001-1,operating,,THB,10000000.0,monthly,45.02777777777778
BS-KBANK-OPER-2567-08,KBANK-OPER,2024-08,36,2968,2850,8.4588,1613,79987400.0,592,1017,2,2,385937000.0,486831600.0,KBank,001-1-00001-1,operating,,THB,10000000.0,monthly,44.80555555555556
BS-KBANK-OPER-2567-09,KBANK-OPER,2024-09,35,2968,2850,8.4588,1579,80674700.0,596,979,2,2,466258900.0,566412100.0,KBank,001-1-00001-1,operating,,THB,10000000.0,monthly,45.114285714285714
BS-KBANK-OPER-2567-10,KBANK-OPER,2024-10,36,2968,2850,8.4588,1622,87533600.0,624,994,2,2,546560900.0,656312700.0,KBank,001-1-00001-1,operating,,THB,10000000.0,monthly,45.05555555555556
BS-KBANK-OPER-2567-11,KBANK-OPER,2024-11,34,2968,2850,8.4588,1556,72500650.0,554,998,2,2,634229900.0,727369850.0,KBank,001-1-00001-1,operating,,THB,10000000.0,monthly,45.76470588235294
BS-KBANK-OPER-2567-12,KBANK-OPER,2024-12,36,2968,2850,8.4588,1614,81476800.0,595,1015,2,2,707012050.0,807469350.0,KBank,001-1-00001-1,operating,,THB,10000000.0,monthly,44.833333333333336
BS-KBANK-OPER-2568-01,KBANK-OPER,2025-01,35,2968,2850,8.4588,1574,81882700.0,583,987,2,2,788126550.0,891018350.0,KBank,001-1-00001-1,operating,,THB,10000000.0,monthly,44.97142857142857
BS-KBANK-OPER-2568-02,KBANK-OPER,2025-02,33,2968,2850,8.4588,1503,81798200.0,592,907,2,2,870463550.0,971543250.0,KBank,001-1-00001-1,operating,,THB,10000000.0,monthly,45.54545454545455
BS-KBANK-OPER-2568-03,KBANK-OPER,2025-03,35,2968,2850,8.4588,1607,89803600.0,639,964,2,2,951874650.0,1062010550.0,KBank,001-1-00001-1,operating,,THB,10000000.0,monthly,45.91428571428571
BS-KBANK-OPER-2568-04,KBANK-OPER,2025-04,35,2968,2850,8.4588,1581,92401600.0,646,931,2,2,1041767550.0,1152971250.0,KBank,001-1-00001-1,operating,,THB,10000000.0,monthly,45.17142857142857
BS-KBANK-OPER-2568-05,KBANK-OPER,2025-05,35,2968,2850,8.4588,1604,79473100.0,579,1021,2,2,1134181350.0,1232084850.0,KBank,001-1-00001-1,operating,,THB,10000000.0,monthly,45.82857142857143
BS-KBANK-OPER-2568-06,KBANK-OPER,2025-06,33,2968,2850,8.4588,1489,66165500.0,516,969,2,2,1213552250.0,1299943850.0,KBank,001-1-00001-1,operating,,THB,10000000.0,monthly,45.121212121212125
BS-KBANK-OPER-2568-07,KBANK-OPER,2025-07,37,2968,2850,8.4588,1682,85769750.0,633,1045,2,2,1279780150.0,1386993000.0,KBank,001-1-00001-1,operating,,THB,10000000.0,monthly,45.45945945945946
BS-KBANK-OPER-2568-08,KBANK-OPER,2025-08,34,2968,2850,8.4588,1540,68466350.0,541,995,2,2,1365416800.0,1454418550.0,KBank,001-1-00001-1,operating,,THB,10000000.0,monthly,45.294117647058826
BS-KBANK-OPER-2568-09,KBANK-OPER,2025-09,35,2968,2850,8.4588,1582,70278100.0,570,1008,2,2,1434053650.0,1525280250.0,KBank,001-1-00001-1,operating,,THB,10000000.0,monthly,45.2
BS-KBANK-OPER-2568-10,KBANK-OPER,2025-10,38,2968,2850,8.4588,1715,89502100.0,660,1051,2,2,1504302850.0,1613548850.0,KBank,001-1-00001-1,operating,,THB,10000000.0,monthly,45.13157894736842
BS-KBANK-OPER-2568-11,KBANK-OPER,2025-11,34,2968,2850,8.4588,1554,78603850.0,581,969,2,2,1593744150.0,1693088300.0,KBank,001-1-00001-1,operating,,THB,10000000.0,monthly,45.705882352941174
BS-KBANK-OPER-2568-12,KBANK-OPER,2025-12,36,2968,2850,8.4588,1632,88020400.0,625,1003,2,2,1672300200.0,1779270400.0,KBank,001-1-00001-1,operating,,THB,10000000.0,monthly,45.333333333333336
BS-OPER-BKK-CTW-2567-01,OPER-BKK-CTW,2024-01,3,2968,2850,8.4588,118,17130700.0,118,0,0,0,1202100.0,18130700.0,KBank,100-1-10000-1,operating,BKK-CTW,THB,1000000.0,monthly,39.333333333333336
BS-OPER-BKK-CTW-2567-02,OPER-BKK-CTW,2024-02,3,2968,2850,8.4588,111,16892000.0,111,0,0,0,18183300.0,35022700.0,KBank,100-1-10000-1,operating,BKK-CTW,THB,1000000.0,monthly,37.0
BS-OPER-BKK-CTW-2567-03,OPER-BKK-CTW,2024-03,3,2968,2850,8.4588,120,18681300.0,120,0,0,0,35214900.0,53704000.0,KBank,100-1-10000-1,operating,BKK-CTW,THB,1000000.0,monthly,40.0
BS-OPER-BKK-CTW-2567-04,OPER-BKK-CTW,2024-04,3,2968,2850,8.4588,98,14116200.0,98,0,0,0,53800800.0,67820200.0,KBank,100-1-10000-1,operating,BKK-CTW,THB,1000000.0,monthly,32.666666666666664
BS-OPER-BKK-CTW-2567-05,OPER-BKK-CTW,2024-05,3,2968,2850,8.4588,118,18915100.0,118,0,0,0,68186800.0,86735300.0,KBank,100-1-10000-1,operating,BKK-CTW,THB,1000000.0,monthly,39.333333333333336
BS-OPER-BKK-CTW-2567-06,OPER-BKK-CTW,2024-06,3,2968,2850,8.4588,115,16899700.0,115,0,0,0,86815800.0,103635000.0,KBank,100-1-10000-1,operating,BKK-CTW,THB,1000000.0,monthly,38.333333333333336
BS-OPER-BKK-CTW-2567-07,OPER-BKK-CTW,2024-07,3,2968,2850,8.4588,116,19513200.0,116,0,0,0,103659900.0,123148200.0,KBank,100-1-10000-1,operating,BKK-CTW,THB,1000000.0,monthly,38.666666666666664
BS-OPER-BKK-CTW-2567-08,OPER-BKK-CTW,2024-08,3,2968,2850,8.4588,120,19689600.0,120,0,0,0,123292600.0,142837800.0,KBank,100-1-10000-1,operating,BKK-CTW,THB,1000000.0,monthly,40.0
BS-OPER-BKK-CTW-2567-09,OPER-BKK-CTW,2024-09,3,2968,2850,8.4588,116,20062300.0,116,0,0,0,142906600.0,162900100.0,KBank,100-1-10000-1,operating,BKK-CTW,THB,1000000.0,monthly,38.666666666666664
BS-OPER-BKK-CTW-2567-10,OPER-BKK-CTW,2024-10,3,2968,2850,8.4588,117,18054700.0,117,0,0,0,163076800.0,180954800.0,KBank,100-1-10000-1,operating,BKK-CTW,THB,1000000.0,monthly,39.0
BS-OPER-BKK-CTW-2567-11,OPER-BKK-CTW,2024-11,3,2968,2850,8.4588,114,17997164.0,114,0,0,0,181009100.0,198951964.0,KBank,100-1-10000-1,operating,BKK-CTW,THB,1000000.0,monthly,38.0
BS-OPER-BKK-CTW-2567-12,OPER-BKK-CTW,2024-12,3,2968,2850,8.4588,121,19760330.0,121,0,0,0,199045664.0,218712294.0,KBank,100-1-10000-1,operating,BKK-CTW,THB,1000000.0,monthly,40.333333333333336
BS-OPER-BKK-CTW-2568-01,OPER-BKK-CTW,2025-01,3,2968,2850,8.4588,120,16924100.0,120,0,0,0,218756994.0,235636394.0,KBank,100-1-10000-1,operating,BKK-CTW,THB,1000000.0,monthly,40.0
BS-OPER-BKK-CTW-2568-02,OPER-BKK-CTW,2025-02,3,2968,2850,8.4588,109,16798500.0,109,0,0,0,235834794.0,252434894.0,KBank,100-1-10000-1,operating,BKK-CTW,THB,1000000.0,monthly,36.333333333333336
BS-OPER-BKK-CTW-2568-03,OPER-BKK-CTW,2025-03,3,2968,2850,8.4588,120,17240800.0,120,0,0,0,252718894.0,269675694.0,KBank,100-1-10000-1,operating,BKK-CTW,THB,1000000.0,monthly,40.0
BS-OPER-BKK-CTW-2568-04,OPER-BKK-CTW,2025-04,3,2968,2850,8.4588,95,15162200.0,95,0,0,0,270126094.0,284837894.0,KBank,100-1-10000-1,operating,BKK-CTW,THB,1000000.0,monthly,31.666666666666668
BS-OPER-BKK-CTW-2568-05,OPER-BKK-CTW,2025-05,3,2968,2850,8.4588,118,16082300.0,118,0,0,0,284914094.0,300920194.0,KBank,100-1-10000-1,operating,BKK-CTW,THB,1000000.0,monthly,39.333333333333336
BS-OPER-BKK-CTW-2568-06,OPER-BKK-CTW,2025-06,3,2968,2850,8.4588,114,19242800.0,114,0,0,0,301067394.0,320162994.0,KBank,100-1-10000-1,operating,BKK-CTW,THB,1000000.0,monthly,38.0
BS-OPER-BKK-CTW-2568-07,OPER-BKK-CTW,2025-07,3,2968,2850,8.4588,118,20094140.0,118,0,0,0,320219194.0,340257134.0,KBank,100-1-10000-1,operating,BKK-CTW,THB,1000000.0,monthly,39.333333333333336
BS-OPER-BKK-CTW-2568-08,OPER-BKK-CTW,2025-08,3,2968,2850,8.4588,119,19082100.0,119,0,0,0,340262034.0,359339234.0,KBank,100-1-10000-1,operating,BKK-CTW,THB,1000000.0,monthly,39.666666666666664
BS-OPER-BKK-CTW-2568-09,OPER-BKK-CTW,2025-09,3,2968,2850,8.4588,118,20144100.0,118,0,0,0,359425034.0,379483334.0,KBank,100-1-10000-1,operating,BKK-CTW,THB,1000000.0,monthly,39.333333333333336
BS-OPER-BKK-CTW-2568-10,OPER-BKK-CTW,2025-10,3,2968,2850,8.4588,121,18986100.0,121,0,0,0,379733934.0,398469434.0,KBank,100-1-10000-1,operating,BKK-CTW,THB,1000000.0,monthly,40.333333333333336
BS-OPER-BKK-CTW-2568-11,OPER-BKK-CTW,2025-11,3,2968,2850,8.4588,120,19319982.0,120,0,0,0,398518234.0,417789416.0,KBank,100-1-10000-1,operating,BKK-CTW,THB,1000000.0,monthly,40.0
BS-OPER-BKK-CTW-2568-12,OPER-BKK-CTW,2025-12,3,2968,2850,8.4588,118,17659260.0,118,0,0,0,417838216.0,435448676.0,KBank,100-1-10000-1,operating,BKK-CTW,THB,1000000.0,monthly,39.333333333333336
BS-OPER-BKK-EMSP-2567-01,OPER-BKK-EMSP,2024-01,8,1240,1234,1.53016,114,12306200.0,114,0,0,0,1025800.0,13306200.0,SCB,101-2-10001-2,operating,BKK-EMSP,THB,1000000.0,monthly,14.25
BS-OPER-BKK-EMSP-2567-02,OPER-BKK-EMSP,2024-02,7,1240,1234,1.53016,106,13585200.0,106,0,0,0,13532000.0,26891400.0,SCB,101-2-10001-2,operating,BKK-EMSP,THB,1000000.0,monthly,15.142857142857142
BS-OPER-BKK-EMSP-2567-03,OPER-BKK-EMSP,2024-03,8,1240,1234,1.53016,113,14466700.0,113,0,0,0,26944600.0,41358100.0,SCB,101-2-10001-2,operating,BKK-EMSP,THB,1000000.0,monthly,14.125
BS-OPER-BKK-EMSP-2567-04,OPER-BKK-EMSP,2024-04,7,1240,1234,1.53016,96,12770100.0,96,0,0,0,41658700.0,54128200.0,SCB,101-2-10001-2,operating,BKK-EMSP,THB,1000000.0,monthly,13.714285714285714
BS-OPER-BKK-EMSP-2567-05,OPER-BKK-EMSP,2024-05,8,1240,1234,1.53016,115,16322600.0,115,0,0,0,54477300.0,70450800.0,SCB,101-2-10001-2,operating,BKK-EMSP,THB,1000000.0,monthly,14.375
BS-OPER-BKK-EMSP-2567-06,OPER-BKK-EMSP,2024-06,8,1240,1234,1.53016,116,16021000.0,116,0,0,0,70489200.0,86471800.0,SCB,101-2-10001-2,operating,BKK-EMSP,THB,1000000.0,monthly,14.5
BS-OPER-BKK-EMSP-2567-07,OPER-BKK-EMSP,2024-07,8,1240,1234,1.53016,117,15086500.0,117,0,0,0,86586200.0,101558300.0,SCB,101-2-10001-2,operating,BKK-EMSP,THB,1000000.0,monthly,14.625
BS-OPER-BKK-EMSP-2567-08,OPER-BKK-EMSP,2024-08,8,1240,1234,1.53016,118,15527700.0,118,0,0,0,101644100.0,117086000.0,SCB,101-2-10001-2,operating,BKK-EMSP,THB,1000000.0,monthly,14.75
BS-OPER-BKK-EMSP-2567-09,OPER-BKK-EMSP,2024-09,8,1240,1234,1.53016,115,17852800.0,115,0,0,0,117280600.0,134938800.0,SCB,101-2-10001-2,operating,BKK-EMSP,THB,1000000.0,monthly,14.375
BS-OPER-BKK-EMSP-2567-10,OPER-BKK-EMSP,2024-10,8,1240,1234,1.53016,119,15493800.0,119,0,0,0,135016000.0,150432600.0,SCB,101-2-10001-2,operating,BKK-EMSP,THB,1000000.0,monthly,14.875
BS-OPER-BKK-EMSP-2567-11,OPER-BKK-EMSP,2024-11,8,1240,1234,1.53016,115,17507928.0,115,0,0,0,150497800.0,167940528.0,SCB,101-2-10001-2,operating,BKK-EMSP,THB,1000000.0,monthly,14.375
BS-OPER-BKK-EMSP-2567-12,OPER-BKK-EMSP,2024-12,8,1240,1234,1.53016,116,16912340.0,116,0,0,0,168179828.0,184852868.0,SCB,101-2-10001-2,operating,BKK-EMSP,THB,1000000.0,monthly,14.5
BS-OPER-BKK-EMSP-2568-01,OPER-BKK-EMSP,2025-01,8,1240,1234,1.53016,114,15373000.0,114,0,0,0,184995368.0,200225868.0,SCB,101-2-10001-2,operating,BKK-EMSP,THB,1000000.0,monthly,14.25
BS-OPER-BKK-EMSP-2568-02,OPER-BKK-EMSP,2025-02,7,1240,1234,1.53016,101,12935500.0,101,0,0,0,200287468.0,213161368.0,SCB,101-2-10001-2,operating,BKK-EMSP,THB,1000000.0,monthly,14.428571428571429
BS-OPER-BKK-EMSP-2568-03,OPER-BKK-EMSP,2025-03,8,1240,1234,1.53016,113,14109300.0,113,0,0,0,213166268.0,227270668.0,SCB,101-2-10001-2,operating,BKK-EMSP,THB,1000000.0,monthly,14.125
BS-OPER-BKK-EMSP-2568-04,OPER-BKK-EMSP,2025-04,7,1240,1234,1.53016,100,13073900.0,100,0,0,0,227303168.0,240344568.0,SCB,101-2-10001-2,operating,BKK-EMSP,THB,1000000.0,monthly,14.285714285714286
BS-OPER-BKK-EMSP-2568-05,OPER-BKK-EMSP,2025-05,8,1240,1234,1.53016,117,15796300.0,117,0,0,0,240371968.0,256140868.0,SCB,101-2-10001-2,operating,BKK-EMSP,THB,1000000.0,monthly,14.625
BS-OPER-BKK-EMSP-2568-06,OPER-BKK-EMSP,2025-06,8,1240,1234,1.53016,112,15015200.0,112,0,0,0,256197568.0,271156068.0,SCB,101-2-10001-2,operating,BKK-EMSP,THB,1000000.0,monthly,14.0
BS-OPER-BKK-EMSP-2568-07,OPER-BKK-EMSP,2025-07,8,1240,1234,1.53016,117,16772565.0,117,0,0,0,271348568.0,287928633.0,SCB,101-2-10001-2,operating,BKK-EMSP,THB,1000000.0,monthly,14.625
BS-OPER-BKK-EMSP-2568-08,OPER-BKK-EMSP,2025-08,8,1240,1234,1.53016,117,16935800.0,117,0,0,0,288316233.0,304864433.0,SCB,101-2-10001-2,operating,BKK-EMSP,THB,1000000.0,monthly,14.625
BS-OPER-BKK-EMSP-2568-09,OPER-BKK-EMSP,2025-09,8,1240,1234,1.53016,118,14490300.0,118,0,0,0,305040433.0,319354733.0,SCB,101-2-10001-2,operating,BKK-EMSP,THB,1000000.0,monthly,14.75
BS-OPER-BKK-EMSP-2568-10,OPER-BKK-EMSP,2025-10,8,1240,1234,1.53016,115,15363300.0,115,0,0,0,319503933.0,334718033.0,SCB,101-2-10001-2,operating,BKK-EMSP,THB,1000000.0,monthly,14.375
BS-OPER-BKK-EMSP-2568-11,OPER-BKK-EMSP,2025-11,8,1240,1234,1.53016,113,15524652.0,113,0,0,0,335294733.0,350242685.0,SCB,101-2-10001-2,operating,BKK-EMSP,THB,1000000.0,monthly,14.125
BS-OPER-BKK-EMSP-2568-12,OPER-BKK-EMSP,2025-12,8,1240,1234,1.53016,117,14556040.0,117,0,0,0,350307085.0,364798725.0,SCB,101-2-10001-2,operating,BKK-EMSP,THB,1000000.0,monthly,14.625
BS-OPER-BKK-PKT-2567-01,OPER-BKK-PKT,2024-01,8,1240,1234,1.53016,111,14391000.0,111,0,0,0,1222800.0,15391000.0,BBL,102-3-10002-3,operating,BKK-PKT,THB,1000000.0,monthly,13.875
BS-OPER-BKK-PKT-2567-02,OPER-BKK-PKT,2024-02,7,1240,1234,1.53016,110,13021800.0,110,0,0,0,15445800.0,28412800.0,BBL,102-3-10002-3,operating,BKK-PKT,THB,1000000.0,monthly,15.714285714285714
BS-OPER-BKK-PKT-2567-03,OPER-BKK-PKT,2024-03,8,1240,1234,1.53016,111,14960600.0,111,0,0,0,28481100.0,43373400.0,BBL,102-3-10002-3,operating,BKK-PKT,THB,1000000.0,monthly,13.875
BS-OPER-BKK-PKT-2567-04,OPER-BKK-PKT,2024-04,6,1240,1234,1.53016,93,11699100.0,93,0,0,0,43507200.0,55072500.0,BBL,102-3-10002-3,operating,BKK-PKT,THB,1000000.0,monthly,15.5
BS-OPER-BKK-PKT-2567-05,OPER-BKK-PKT,2024-05,8,1240,1234,1.53016,119,16419900.0,119,0,0,0,55288200.0,71492400.0,BBL,102-3-10002-3,operating,BKK-PKT,THB,1000000.0,monthly,14.875
BS-OPER-BKK-PKT-2567-06,OPER-BKK-PKT,2024-06,8,1240,1234,1.53016,113,13548600.0,113,0,0,0,71716100.0,85041000.0,BBL,102-3-10002-3,operating,BKK-PKT,THB,1000000.0,monthly,14.125
BS-OPER-BKK-PKT-2567-07,OPER-BKK-PKT,2024-07,8,1240,1234,1.53016,115,14727200.0,115,0,0,0,85145700.0,99768200.0,BBL,102-3-10002-3,operating,BKK-PKT,THB,1000000.0,monthly,14.375
BS-OPER-BKK-PKT-2567-08,OPER-BKK-PKT,2024-08,8,1240,1234,1.53016,118,19090900.0,118,0,0,0,99832600.0,118859100.0,BBL,102-3-10002-3,operating,BKK-PKT,THB,1000000.0,monthly,14.75
BS-OPER-BKK-PKT-2567-09,OPER-BKK-PKT,2024-09,8,1240,1234,1.53016,114,15667600.0,114,0,0,0,118969800.0,134526700.0,BBL,102-3-10002-3,operating,BKK-PKT,THB,1000000.0,monthly,14.25
BS-OPER-BKK-PKT-2567-10,OPER-BKK-PKT,2024-10,8,1240,1234,1.53016,118,17379000.0,118,0,0,0,134548100.0,151905700.0,BBL,102-3-10002-3,operating,BKK-PKT,THB,1000000.0,monthly,14.75
BS-OPER-BKK-PKT-2567-11,OPER-BKK-PKT,2024-11,8,1240,1234,1.53016,118,16129000.0,118,0,0,0,151935600.0,168034700.0,BBL,102-3-10002-3,operating,BKK-PKT,THB,1000000.0,monthly,14.75
BS-OPER-BKK-PKT-2567-12,OPER-BKK-PKT,2024-12,8,1240,1234,1.53016,117,14853590.0,117,0,0,0,168053000.0,182888290.0,BBL,102-3-10002-3,operating,BKK-PKT,THB,1000000.0,monthly,14.625
BS-OPER-BKK-PKT-2568-01,OPER-BKK-PKT,2025-01,8,1240,1234,1.53016,119,16236100.0,119,0,0,0,182991890.0,199124390.0,BBL,102-3-10002-3,operating,BKK-PKT,THB,1000000.0,monthly,14.875
BS-OPER-BKK-PKT-2568-02,OPER-BKK-PKT,2025-02,7,1240,1234,1.53016,108,13931700.0,108,0,0,0,199306290.0,213056090.0,BBL,102-3-10002-3,operating,BKK-PKT,THB,1000000.0,monthly,15.428571428571429
BS-OPER-BKK-PKT-2568-03,OPER-BKK-PKT,2025-03,8,1240,1234,1.53016,117,16030700.0,117,0,0,0,213331590.0,229086790.0,BBL,102-3-10002-3,operating,BKK-PKT,THB,1000000.0,monthly,14.625
BS-OPER-BKK-PKT-2568-04,OPER-BKK-PKT,2025-04,3,1240,1234,1.53016,42,5755500.0,42,0,0,0,229169190.0,234842290.0,BBL,102-3-10002-3,operating,BKK-PKT,THB,1000000.0,monthly,14.0
BS-OPER-BKK-PKT-2568-05,OPER-BKK-PKT,2025-05,8,1240,1234,1.53016,113,15617700.0,113,0,0,0,235236690.0,250459990.0,BBL,102-3-10002-3,operating,BKK-PKT,THB,1000000.0,monthly,14.125
BS-OPER-BKK-PKT-2568-06,OPER-BKK-PKT,2025-06,8,1240,1234,1.53016,114,16688800.0,114,0,0,0,250532490.0,267148790.0,BBL,102-3-10002-3,operating,BKK-PKT,THB,1000000.0,monthly,14.25
BS-OPER-BKK-PKT-2568-07,OPER-BKK-PKT,2025-07,8,1240,1234,1.53016,120,15339085.0,120,0,0,0,267286090.0,282487875.0,BBL,102-3-10002-3,operating,BKK-PKT,THB,1000000.0,monthly,15.0
BS-OPER-BKK-PKT-2568-08,OPER-BKK-PKT,2025-08,8,1240,1234,1.53016,113,16793200.0,113,0,0,0,282807975.0,299281075.0,BBL,102-3-10002-3,operating,BKK-PKT,THB,1000000.0,monthly,14.125
BS-OPER-BKK-PKT-2568-09,OPER-BKK-PKT,2025-09,8,1240,1234,1.53016,116,15666300.0,116,0,0,0,299631075.0,314947375.0,BBL,102-3-10002-3,operating,BKK-PKT,THB,1000000.0,monthly,14.5
BS-OPER-BKK-PKT-2568-10,OPER-BKK-PKT,2025-10,8,1240,1234,1.53016,120,15627100.0,120,0,0,0,315100175.0,330574475.0,BBL,102-3-10002-3,operating,BKK-PKT,THB,1000000.0,monthly,15.0
BS-OPER-BKK-PKT-2568-11,OPER-BKK-PKT,2025-11,8,1240,1234,1.53016,112,14078162.0,112,0,0,0,330665175.0,344652637.0,BBL,102-3-10002-3,operating,BKK-PKT,THB,1000000.0,monthly,14.0
BS-OPER-BKK-PKT-2568-12,OPER-BKK-PKT,2025-12,8,1240,1234,1.53016,115,13631970.0,115,0,0,0,344762237.0,358284607.0,BBL,102-3-10002-3,operating,BKK-PKT,THB,1000000.0,monthly,14.375
BS-OPER-BKK-R9-2567-01,OPER-BKK-R9,2024-01,3,2968,2850,8.4588,110,11566300.0,110,0,0,0,1014400.0,12566300.0,KBank,103-1-10003-4,operating,BKK-R9,THB,1000000.0,monthly,36.666666666666664
BS-OPER-BKK-R9-2567-02,OPER-BKK-R9,2024-02,3,2968,2850,8.4588,101,9709100.0,101,0,0,0,12580100.0,22275400.0,KBank,103-1-10003-4,operating,BKK-R9,THB,1000000.0,monthly,33.666666666666664
BS-OPER-BKK-R9-2567-03,OPER-BKK-R9,2024-03,3,2968,2850,8.4588,110,13588800.0,110,0,0,0,22318200.0,35864200.0,KBank,103-1-10003-4,operating,BKK-R9,THB,1000000.0,monthly,36.666666666666664
BS-OPER-BKK-R9-2567-04,OPER-BKK-R9,2024-04,3,2968,2850,8.4588,92,11069200.0,92,0,0,0,35871100.0,46933400.0,KBank,103-1-10003-4,operating,BKK-R9,THB,1000000.0,monthly,30.666666666666668
BS-OPER-BKK-R9-2567-05,OPER-BKK-R9,2024-05,3,2968,2850,8.4588,115,13272300.0,115,0,0,0,47125800.0,60205700.0,KBank,103-1-10003-4,operating,BKK-R9,THB,1000000.0,monthly,38.333333333333336
BS-OPER-BKK-R9-2567-06,OPER-BKK-R9,2024-06,3,2968,2850,8.4588,105,12191900.0,105,0,0,0,60301900.0,72397600.0,KBank,103-1-10003-4,operating,BKK-R9,THB,1000000.0,monthly,35.0
BS-OPER-BKK-R9-2567-07,OPER-BKK-R9,2024-07,3,2968,2850,8.4588,111,12362200.0,111,0,0,0,72572500.0,84759800.0,KBank,103-1-10003-4,operating,BKK-R9,THB,1000000.0,monthly,37.0
BS-OPER-BKK-R9-2567-08,OPER-BKK-R9,2024-08,3,2968,2850,8.4588,117,14514400.0,117,0,0,0,84895400.0,99274200.0,KBank,103-1-10003-4,operating,BKK-R9,THB,1000000.0,monthly,39.0
BS-OPER-BKK-R9-2567-09,OPER-BKK-R9,2024-09,3,2968,2850,8.4588,111,11511000.0,111,0,0,0,99443300.0,110785200.0,KBank,103-1-10003-4,operating,BKK-R9,THB,1000000.0,monthly,37.0
BS-OPER-BKK-R9-2567-10,OPER-BKK-R9,2024-10,3,2968,2850,8.4588,110,12761800.0,110,0,0,0,110883700.0,123547000.0,KBank,103-1-10003-4,operating,BKK-R9,THB,1000000.0,monthly,36.666666666666664
BS-OPER-BKK-R9-2567-11,OPER-BKK-R9,2024-11,3,2968,2850,8.4588,111,11042252.0,111,0,0,0,123684100.0,134589252.0,KBank,103-1-10003-4,operating,BKK-R9,THB,1000000.0,monthly,37.0
BS-OPER-BKK-R9-2567-12,OPER-BKK-R9,2024-12,3,2968,2850,8.4588,113,13700245.0,113,0,0,0,134844952.0,148289497.0,KBank,103-1-10003-4,operating,BKK-R9,THB,1000000.0,monthly,37.666666666666664
BS-OPER-BKK-R9-2568-01,OPER-BKK-R9,2025-01,3,2968,2850,8.4588,112,10385300.0,112,0,0,0,148503997.0,158674797.0,KBank,103-1-10003-4,operating,BKK-R9,THB,1000000.0,monthly,37.333333333333336
BS-OPER-BKK-R9-2568-02,OPER-BKK-R9,2025-02,3,2968,2850,8.4588,101,10098300.0,101,0,0,0,158753197.0,168773097.0,KBank,103-1-10003-4,operating,BKK-R9,THB,1000000.0,monthly,33.666666666666664
BS-OPER-BKK-R9-2568-03,OPER-BKK-R9,2025-03,3,2968,2850,8.4588,112,13393700.0,112,0,0,0,168794497.0,182166797.0,KBank,103-1-10003-4,operating,BKK-R9,THB,1000000.0,monthly,37.333333333333336
BS-OPER-BKK-R9-2568-04,OPER-BKK-R9,2025-04,2,2968,2850,8.4588,87,9471700.0,87,0,0,0,182379397.0,191638497.0,KBank,103-1-10003-4,operating,BKK-R9,THB,1000000.0,monthly,43.5
BS-OPER-BKK-R9-2568-05,OPER-BKK-R9,2025-05,3,2968,2850,8.4588,113,13018900.0,113,0,0,0,191901197.0,204657397.0,KBank,103-1-10003-4,operating,BKK-R9,THB,1000000.0,monthly,37.666666666666664
BS-OPER-BKK-R9-2568-06,OPER-BKK-R9,2025-06,3,2968,2850,8.4588,113,13065500.0,113,0,0,0,204799097.0,217722897.0,KBank,103-1-10003-4,operating,BKK-R9,THB,1000000.0,monthly,37.666666666666664
BS-OPER-BKK-R9-2568-07,OPER-BKK-R9,2025-07,3,2968,2850,8.4588,118,14718110.0,118,0,0,0,217920097.0,232441007.0,KBank,103-1-10003-4,operating,BKK-R9,THB,1000000.0,monthly,39.333333333333336
BS-OPER-BKK-R9-2568-08,OPER-BKK-R9,2025-08,3,2968,2850,8.4588,114,14258500.0,114,0,0,0,232744107.0,246699507.0,KBank,103-1-10003-4,operating,BKK-R9,THB,1000000.0,monthly,38.0
BS-OPER-BKK-R9-2568-09,OPER-BKK-R9,2025-09,3,2968,2850,8.4588,108,11960200.0,108,0,0,0,246988007.0,258659707.0,KBank,103-1-10003-4,operating,BKK-R9,THB,1000000.0,monthly,36.0
BS-OPER-BKK-R9-2568-10,OPER-BKK-R9,2025-10,3,2968,2850,8.4588,114,13382600.0,114,0,0,0,258763007.0,272042307.0,KBank,103-1-10003-4,operating,BKK-R9,THB,1000000.0,monthly,38.0
BS-OPER-BKK-R9-2568-11,OPER-BKK-R9,2025-11,3,2968,2850,8.4588,111,11158890.0,111,0,0,0,272176507.0,283201197.0,KBank,103-1-10003-4,operating,BKK-R9,THB,1000000.0,monthly,37.0
BS-OPER-BKK-R9-2568-12,OPER-BKK-R9,2025-12,3,2968,2850,8.4588,116,13818170.0,116,0,0,0,283241497.0,297019367.0,KBank,103-1-10003-4,operating,BKK-R9,THB,1000000.0,monthly,38.666666666666664
BS-OPER-BKK-SIAM-2567-01,OPER-BKK-SIAM,2024-01,8,1240,1234,1.53016,120,23884400.0,120,0,0,0,1242900.0,24884400.0,SCB,104-2-10004-5,operating,BKK-SIAM,THB,1000000.0,monthly,15.0
BS-OPER-BKK-SIAM-2567-02,OPER-BKK-SIAM,2024-02,8,1240,1234,1.53016,113,23840300.0,113,0,0,0,25105600.0,48724700.0,SCB,104-2-10004-5,operating,BKK-SIAM,THB,1000000.0,monthly,14.125
BS-OPER-BKK-SIAM-2567-03,OPER-BKK-SIAM,2024-03,8,1240,1234,1.53016,118,25484400.0,118,0,0,0,48810200.0,74209100.0,SCB,104-2-10004-5,operating,BKK-SIAM,THB,1000000.0,monthly,14.75
BS-OPER-BKK-SIAM-2567-04,OPER-BKK-SIAM,2024-04,7,1240,1234,1.53016,100,20094100.0,100,0,0,0,74289900.0,94303200.0,SCB,104-2-10004-5,operating,BKK-SIAM,THB,1000000.0,monthly,14.285714285714286
BS-OPER-BKK-SIAM-2567-05,OPER-BKK-SIAM,2024-05,8,1240,1234,1.53016,123,24729900.0,123,0,0,0,94438600.0,119033100.0,SCB,104-2-10004-5,operating,BKK-SIAM,THB,1000000.0,monthly,15.375
BS-OPER-BKK-SIAM-2567-06,OPER-BKK-SIAM,2024-06,8,1240,1234,1.53016,118,24865400.0,118,0,0,0,119316900.0,143898500.0,SCB,104-2-10004-5,operating,BKK-SIAM,THB,1000000.0,monthly,14.75
BS-OPER-BKK-SIAM-2567-07,OPER-BKK-SIAM,2024-07,8,1240,1234,1.53016,123,26888400.0,123,0,0,0,144099600.0,170786900.0,SCB,104-2-10004-5,operating,BKK-SIAM,THB,1000000.0,monthly,15.375
BS-OPER-BKK-SIAM-2567-08,OPER-BKK-SIAM,2024-08,8,1240,1234,1.53016,122,25416800.0,122,0,0,0,171024000.0,196203700.0,SCB,104-2-10004-5,operating,BKK-SIAM,THB,1000000.0,monthly,15.25
BS-OPER-BKK-SIAM-2567-09,OPER-BKK-SIAM,2024-09,8,1240,1234,1.53016,119,24749600.0,119,0,0,0,196298300.0,220953300.0,SCB,104-2-10004-5,operating,BKK-SIAM,THB,1000000.0,monthly,14.875
BS-OPER-BKK-SIAM-2567-10,OPER-BKK-SIAM,2024-10,8,1240,1234,1.53016,123,24776400.0,123,0,0,0,221009200.0,245729700.0,SCB,104-2-10004-5,operating,BKK-SIAM,THB,1000000.0,monthly,15.375
BS-OPER-BKK-SIAM-2567-11,OPER-BKK-SIAM,2024-11,8,1240,1234,1.53016,117,23581184.0,117,0,0,0,245962100.0,269310884.0,SCB,104-2-10004-5,operating,BKK-SIAM,THB,1000000.0,monthly,14.625
BS-OPER-BKK-SIAM-2567-12,OPER-BKK-SIAM,2024-12,8,1240,1234,1.53016,121,26264435.0,121,0,0,0,269582384.0,295575319.0,SCB,104-2-10004-5,operating,BKK-SIAM,THB,1000000.0,monthly,15.125
BS-OPER-BKK-SIAM-2568-01,OPER-BKK-SIAM,2025-01,8,1240,1234,1.53016,123,23801200.0,123,0,0,0,295898319.0,319376519.0,SCB,104-2-10004-5,operating,BKK-SIAM,THB,1000000.0,monthly,15.375
BS-OPER-BKK-SIAM-2568-02,OPER-BKK-SIAM,2025-02,7,1240,1234,1.53016,109,19080900.0,109,0,0,0,319888119.0,338457419.0,SCB,104-2-10004-5,operating,BKK-SIAM,THB,1000000.0,monthly,15.571428571428571
BS-OPER-BKK-SIAM-2568-03,OPER-BKK-SIAM,2025-03,8,1240,1234,1.53016,123,27385900.0,123,0,0,0,338744819.0,365843319.0,SCB,104-2-10004-5,operating,BKK-SIAM,THB,1000000.0,monthly,15.375
BS-OPER-BKK-SIAM-2568-04,OPER-BKK-SIAM,2025-04,7,1240,1234,1.53016,99,20936700.0,99,0,0,0,365923119.0,386780019.0,SCB,104-2-10004-5,operating,BKK-SIAM,THB,1000000.0,monthly,14.142857142857142
BS-OPER-BKK-SIAM-2568-05,OPER-BKK-SIAM,2025-05,8,1240,1234,1.53016,122,24712400.0,122,0,0,0,387053719.0,411492419.0,SCB,104-2-10004-5,operating,BKK-SIAM,THB,1000000.0,monthly,15.25
BS-OPER-BKK-SIAM-2568-06,OPER-BKK-SIAM,2025-06,8,1240,1234,1.53016,119,22739500.0,119,0,0,0,411623819.0,434231919.0,SCB,104-2-10004-5,operating,BKK-SIAM,THB,1000000.0,monthly,14.875
BS-OPER-BKK-SIAM-2568-07,OPER-BKK-SIAM,2025-07,8,1240,1234,1.53016,123,25878180.0,123,0,0,0,434360319.0,460110099.0,SCB,104-2-10004-5,operating,BKK-SIAM,THB,1000000.0,monthly,15.375
BS-OPER-BKK-SIAM-2568-08,OPER-BKK-SIAM,2025-08,8,1240,1234,1.53016,122,24165000.0,122,0,0,0,460311299.0,484275099.0,SCB,104-2-10004-5,operating,BKK-SIAM,THB,1000000.0,monthly,15.25
BS-OPER-BKK-SIAM-2568-09,OPER-BKK-SIAM,2025-09,8,1240,1234,1.53016,118,24233900.0,118,0,0,0,484331799.0,508508999.0,SCB,104-2-10004-5,operating,BKK-SIAM,THB,1000000.0,monthly,14.75
BS-OPER-BKK-SIAM-2568-10,OPER-BKK-SIAM,2025-10,8,1240,1234,1.53016,123,25336300.0,123,0,0,0,508688999.0,533845299.0,SCB,104-2-10004-5,operating,BKK-SIAM,THB,1000000.0,monthly,15.375
BS-OPER-BKK-SIAM-2568-11,OPER-BKK-SIAM,2025-11,8,1240,1234,1.53016,118,24027218.0,118,0,0,0,534278099.0,557872517.0,SCB,104-2-10004-5,operating,BKK-SIAM,THB,1000000.0,monthly,14.75
BS-OPER-BKK-SIAM-2568-12,OPER-BKK-SIAM,2025-12,8,1240,1234,1.53016,122,22808340.0,122,0,0,0,557976017.0,580680857.0,SCB,104-2-10004-5,operating,BKK-SIAM,THB,1000000.0,monthly,15.25
BS-OPER-CNX-MAYA-2567-01,OPER-CNX-MAYA,2024-01,8,1240,1234,1.53016,111,13717000.0,111,0,0,0,1069700.0,14717000.0,BBL,105-3-10005-6,operating,CNX-MAYA,THB,1000000.0,monthly,13.875
BS-OPER-CNX-MAYA-2567-02,OPER-CNX-MAYA,2024-02,8,1240,1234,1.53016,112,14260500.0,112,0,0,0,14867200.0,28977500.0,BBL,105-3-10005-6,operating,CNX-MAYA,THB,1000000.0,monthly,14.0
BS-OPER-CNX-MAYA-2567-03,OPER-CNX-MAYA,2024-03,8,1240,1234,1.53016,114,12142200.0,114,0,0,0,29422300.0,41119700.0,BBL,105-3-10005-6,operating,CNX-MAYA,THB,1000000.0,monthly,14.25
BS-OPER-CNX-MAYA-2567-04,OPER-CNX-MAYA,2024-04,6,1240,1234,1.53016,93,11114900.0,93,0,0,0,41169500.0,52234600.0,BBL,105-3-10005-6,operating,CNX-MAYA,THB,1000000.0,monthly,15.5
BS-OPER-CNX-MAYA-2567-05,OPER-CNX-MAYA,2024-05,8,1240,1234,1.53016,112,13588600.0,112,0,0,0,52369700.0,65823200.0,BBL,105-3-10005-6,operating,CNX-MAYA,THB,1000000.0,monthly,14.0
BS-OPER-CNX-MAYA-2567-06,OPER-CNX-MAYA,2024-06,7,1240,1234,1.53016,105,14065700.0,105,0,0,0,65955300.0,79888900.0,BBL,105-3-10005-6,operating,CNX-MAYA,THB,1000000.0,monthly,15.0
BS-OPER-CNX-MAYA-2567-07,OPER-CNX-MAYA,2024-07,8,1240,1234,1.53016,116,15100400.0,116,0,0,0,80007000.0,94989300.0,BBL,105-3-10005-6,operating,CNX-MAYA,THB,1000000.0,monthly,14.5
BS-OPER-CNX-MAYA-2567-08,OPER-CNX-MAYA,2024-08,8,1240,1234,1.53016,112,13910900.0,112,0,0,0,95021100.0,108900200.0,BBL,105-3-10005-6,operating,CNX-MAYA,THB,1000000.0,monthly,14.0
BS-OPER-CNX-MAYA-2567-09,OPER-CNX-MAYA,2024-09,8,1240,1234,1.53016,112,14591200.0,112,0,0,0,108984400.0,123491400.0,BBL,105-3-10005-6,operating,CNX-MAYA,THB,1000000.0,monthly,14.0
BS-OPER-CNX-MAYA-2567-10,OPER-CNX-MAYA,2024-10,8,1240,1234,1.53016,117,16235000.0,117,0,0,0,123498300.0,139726400.0,BBL,105-3-10005-6,operating,CNX-MAYA,THB,1000000.0,monthly,14.625
BS-OPER-CNX-MAYA-2567-11,OPER-CNX-MAYA,2024-11,7,1240,1234,1.53016,109,13278776.0,109,0,0,0,139731300.0,153005176.0,BBL,105-3-10005-6,operating,CNX-MAYA,THB,1000000.0,monthly,15.571428571428571
BS-OPER-CNX-MAYA-2567-12,OPER-CNX-MAYA,2024-12,8,1240,1234,1.53016,117,15628230.0,117,0,0,0,153010076.0,168633406.0,BBL,105-3-10005-6,operating,CNX-MAYA,THB,1000000.0,monthly,14.625
BS-OPER-CNX-MAYA-2568-01,OPER-CNX-MAYA,2025-01,7,1240,1234,1.53016,110,13152400.0,110,0,0,0,169145906.0,181785806.0,BBL,105-3-10005-6,operating,CNX-MAYA,THB,1000000.0,monthly,15.714285714285714
BS-OPER-CNX-MAYA-2568-02,OPER-CNX-MAYA,2025-02,7,1240,1234,1.53016,96,11556100.0,96,0,0,0,182102906.0,193341906.0,BBL,105-3-10005-6,operating,CNX-MAYA,THB,1000000.0,monthly,13.714285714285714
BS-OPER-CNX-MAYA-2568-03,OPER-CNX-MAYA,2025-03,8,1240,1234,1.53016,117,13925800.0,117,0,0,0,193436206.0,207267706.0,BBL,105-3-10005-6,operating,CNX-MAYA,THB,1000000.0,monthly,14.625
BS-OPER-CNX-MAYA-2568-04,OPER-CNX-MAYA,2025-04,6,1240,1234,1.53016,93,10398700.0,93,0,0,0,207411306.0,217666406.0,BBL,105-3-10005-6,operating,CNX-MAYA,THB,1000000.0,monthly,15.5
BS-OPER-CNX-MAYA-2568-05,OPER-CNX-MAYA,2025-05,8,1240,1234,1.53016,117,15243900.0,117,0,0,0,217798206.0,232910306.0,BBL,105-3-10005-6,operating,CNX-MAYA,THB,1000000.0,monthly,14.625
BS-OPER-CNX-MAYA-2568-06,OPER-CNX-MAYA,2025-06,8,1240,1234,1.53016,114,13980700.0,114,0,0,0,233106306.0,246891006.0,BBL,105-3-10005-6,operating,CNX-MAYA,THB,1000000.0,monthly,14.25
BS-OPER-CNX-MAYA-2568-07,OPER-CNX-MAYA,2025-07,8,1240,1234,1.53016,115,14348560.0,115,0,0,0,246975706.0,261239566.0,BBL,105-3-10005-6,operating,CNX-MAYA,THB,1000000.0,monthly,14.375
BS-OPER-CNX-MAYA-2568-08,OPER-CNX-MAYA,2025-08,8,1240,1234,1.53016,119,14086400.0,119,0,0,0,261421466.0,275325966.0,BBL,105-3-10005-6,operating,CNX-MAYA,THB,1000000.0,monthly,14.875
BS-OPER-CNX-MAYA-2568-09,OPER-CNX-MAYA,2025-09,8,1240,1234,1.53016,114,14475600.0,114,0,0,0,275402166.0,289801566.0,BBL,105-3-10005-6,operating,CNX-MAYA,THB,1000000.0,monthly,14.25
BS-OPER-CNX-MAYA-2568-10,OPER-CNX-MAYA,2025-10,8,1240,1234,1.53016,117,14623900.0,117,0,0,0,290025766.0,304425466.0,BBL,105-3-10005-6,operating,CNX-MAYA,THB,1000000.0,monthly,14.625
BS-OPER-CNX-MAYA-2568-11,OPER-CNX-MAYA,2025-11,7,1240,1234,1.53016,108,13365384.0,108,0,0,0,304628266.0,317790850.0,BBL,105-3-10005-6,operating,CNX-MAYA,THB,1000000.0,monthly,15.428571428571429
BS-OPER-CNX-MAYA-2568-12,OPER-CNX-MAYA,2025-12,8,1240,1234,1.53016,118,15067270.0,118,0,0,0,317799350.0,332858120.0,BBL,105-3-10005-6,operating,CNX-MAYA,THB,1000000.0,monthly,14.75
BS-OPER-HKT-FEST-2567-01,OPER-HKT-FEST,2024-01,3,2968,2850,8.4588,110,10842400.0,110,0,0,0,1044700.0,11842400.0,KBank,106-1-10006-7,operating,HKT-FEST,THB,1000000.0,monthly,36.666666666666664
BS-OPER-HKT-FEST-2567-02,OPER-HKT-FEST,2024-02,3,2968,2850,8.4588,102,10221100.0,102,0,0,0,11944700.0,22063500.0,KBank,106-1-10006-7,operating,HKT-FEST,THB,1000000.0,monthly,34.0
BS-OPER-HKT-FEST-2567-03,OPER-HKT-FEST,2024-03,3,2968,2850,8.4588,101,9997200.0,101,0,0,0,22164700.0,32060700.0,KBank,106-1-10006-7,operating,HKT-FEST,THB,1000000.0,monthly,33.666666666666664
BS-OPER-HKT-FEST-2567-04,OPER-HKT-FEST,2024-04,3,2968,2850,8.4588,92,9184400.0,92,0,0,0,32115500.0,41245100.0,KBank,106-1-10006-7,operating,HKT-FEST,THB,1000000.0,monthly,30.666666666666668
BS-OPER-HKT-FEST-2567-05,OPER-HKT-FEST,2024-05,3,2968,2850,8.4588,110,10807900.0,110,0,0,0,41497700.0,52053000.0,KBank,106-1-10006-7,operating,HKT-FEST,THB,1000000.0,monthly,36.666666666666664
BS-OPER-HKT-FEST-2567-06,OPER-HKT-FEST,2024-06,3,2968,2850,8.4588,99,10267700.0,99,0,0,0,52185900.0,62320700.0,KBank,106-1-10006-7,operating,HKT-FEST,THB,1000000.0,monthly,33.0
BS-OPER-HKT-FEST-2567-07,OPER-HKT-FEST,2024-07,3,2968,2850,8.4588,111,10245100.0,111,0,0,0,62569500.0,72565800.0,KBank,106-1-10006-7,operating,HKT-FEST,THB,1000000.0,monthly,37.0
BS-OPER-HKT-FEST-2567-08,OPER-HKT-FEST,2024-08,3,2968,2850,8.4588,112,12290100.0,112,0,0,0,72726000.0,84855900.0,KBank,106-1-10006-7,operating,HKT-FEST,THB,1000000.0,monthly,37.333333333333336
BS-OPER-HKT-FEST-2567-09,OPER-HKT-FEST,2024-09,3,2968,2850,8.4588,108,12025900.0,108,0,0,0,84997200.0,96881800.0,KBank,106-1-10006-7,operating,HKT-FEST,THB,1000000.0,monthly,36.0
BS-OPER-HKT-FEST-2567-10,OPER-HKT-FEST,2024-10,3,2968,2850,8.4588,113,12543000.0,113,0,0,0,96888700.0,109424800.0,KBank,106-1-10006-7,operating,HKT-FEST,THB,1000000.0,monthly,37.666666666666664
BS-OPER-HKT-FEST-2567-11,OPER-HKT-FEST,2024-11,3,2968,2850,8.4588,113,11894688.0,113,0,0,0,109622900.0,121319488.0,KBank,106-1-10006-7,operating,HKT-FEST,THB,1000000.0,monthly,37.666666666666664
BS-OPER-HKT-FEST-2567-12,OPER-HKT-FEST,2024-12,3,2968,2850,8.4588,110,11289725.0,110,0,0,0,121338388.0,132609213.0,KBank,106-1-10006-7,operating,HKT-FEST,THB,1000000.0,monthly,36.666666666666664
BS-OPER-HKT-FEST-2568-01,OPER-HKT-FEST,2025-01,3,2968,2850,8.4588,109,10433700.0,109,0,0,0,132698513.0,143042913.0,KBank,106-1-10006-7,operating,HKT-FEST,THB,1000000.0,monthly,36.333333333333336
BS-OPER-HKT-FEST-2568-02,OPER-HKT-FEST,2025-02,3,2968,2850,8.4588,96,9080500.0,96,0,0,0,143436713.0,152123413.0,KBank,106-1-10006-7,operating,HKT-FEST,THB,1000000.0,monthly,32.0
BS-OPER-HKT-FEST-2568-03,OPER-HKT-FEST,2025-03,3,2968,2850,8.4588,108,12449000.0,108,0,0,0,152129313.0,164572413.0,KBank,106-1-10006-7,operating,HKT-FEST,THB,1000000.0,monthly,36.0
BS-OPER-HKT-FEST-2568-04,OPER-HKT-FEST,2025-04,2,2968,2850,8.4588,88,9952100.0,88,0,0,0,164641513.0,174524513.0,KBank,106-1-10006-7,operating,HKT-FEST,THB,1000000.0,monthly,44.0
BS-OPER-HKT-FEST-2568-05,OPER-HKT-FEST,2025-05,3,2968,2850,8.4588,113,10259400.0,113,0,0,0,174541413.0,184783913.0,KBank,106-1-10006-7,operating,HKT-FEST,THB,1000000.0,monthly,37.666666666666664
BS-OPER-HKT-FEST-2568-06,OPER-HKT-FEST,2025-06,3,2968,2850,8.4588,107,10688000.0,107,0,0,0,184833713.0,195471913.0,KBank,106-1-10006-7,operating,HKT-FEST,THB,1000000.0,monthly,35.666666666666664
BS-OPER-HKT-FEST-2568-07,OPER-HKT-FEST,2025-07,3,2968,2850,8.4588,108,10502455.0,108,0,0,0,195501813.0,205974368.0,KBank,106-1-10006-7,operating,HKT-FEST,THB,1000000.0,monthly,36.0
BS-OPER-HKT-FEST-2568-08,OPER-HKT-FEST,2025-08,3,2968,2850,8.4588,110,11968700.0,110,0,0,0,206019668.0,217943068.0,KBank,106-1-10006-7,operating,HKT-FEST,THB,1000000.0,monthly,36.666666666666664
BS-OPER-HKT-FEST-2568-09,OPER-HKT-FEST,2025-09,3,2968,2850,8.4588,109,11547800.0,109,0,0,0,217974868.0,229490868.0,KBank,106-1-10006-7,operating,HKT-FEST,THB,1000000.0,monthly,36.333333333333336
BS-OPER-HKT-FEST-2568-10,OPER-HKT-FEST,2025-10,3,2968,2850,8.4588,117,13025500.0,117,0,0,0,229631968.0,242516368.0,KBank,106-1-10006-7,operating,HKT-FEST,THB,1000000.0,monthly,39.0
BS-OPER-HKT-FEST-2568-11,OPER-HKT-FEST,2025-11,3,2968,2850,8.4588,110,10644650.0,110,0,0,0,242653068.0,253161018.0,KBank,106-1-10006-7,operating,HKT-FEST,THB,1000000.0,monthly,36.666666666666664
BS-OPER-HKT-FEST-2568-12,OPER-HKT-FEST,2025-12,3,2968,2850,8.4588,109,11351800.0,109,0,0,0,253209818.0,264512818.0,KBank,106-1-10006-7,operating,HKT-FEST,THB,1000000.0,monthly,36.333333333333336
BS-OPER-KKC-CTRL-2567-01,OPER-KKC-CTRL,2024-01,7,1240,1234,1.53016,102,8716800.0,102,0,0,0,1111600.0,9716800.0,SCB,107-2-10007-8,operating,KKC-CTRL,THB,1000000.0,monthly,14.571428571428571
BS-OPER-KKC-CTRL-2567-02,OPER-KKC-CTRL,2024-02,6,1240,1234,1.53016,92,7808700.0,92,0,0,0,9781200.0,17525500.0,SCB,107-2-10007-8,operating,KKC-CTRL,THB,1000000.0,monthly,15.333333333333334
BS-OPER-KKC-CTRL-2567-03,OPER-KKC-CTRL,2024-03,7,1240,1234,1.53016,100,8322600.0,100,0,0,0,17707800.0,25848100.0,SCB,107-2-10007-8,operating,KKC-CTRL,THB,1000000.0,monthly,14.285714285714286
BS-OPER-KKC-CTRL-2567-04,OPER-KKC-CTRL,2024-04,6,1240,1234,1.53016,85,7706200.0,85,0,0,0,25882900.0,33554300.0,SCB,107-2-10007-8,operating,KKC-CTRL,THB,1000000.0,monthly,14.166666666666666
BS-OPER-KKC-CTRL-2567-05,OPER-KKC-CTRL,2024-05,7,1240,1234,1.53016,109,10434200.0,109,0,0,0,33682300.0,43988500.0,SCB,107-2-10007-8,operating,KKC-CTRL,THB,1000000.0,monthly,15.571428571428571
BS-OPER-KKC-CTRL-2567-06,OPER-KKC-CTRL,2024-06,7,1240,1234,1.53016,103,8791400.0,103,0,0,0,43995400.0,52779900.0,SCB,107-2-10007-8,operating,KKC-CTRL,THB,1000000.0,monthly,14.714285714285714
BS-OPER-KKC-CTRL-2567-07,OPER-KKC-CTRL,2024-07,7,1240,1234,1.53016,104,9625700.0,104,0,0,0,52810600.0,62405600.0,SCB,107-2-10007-8,operating,KKC-CTRL,THB,1000000.0,monthly,14.857142857142858
BS-OPER-KKC-CTRL-2567-08,OPER-KKC-CTRL,2024-08,7,1240,1234,1.53016,104,9744100.0,104,0,0,0,62455200.0,72149700.0,SCB,107-2-10007-8,operating,KKC-CTRL,THB,1000000.0,monthly,14.857142857142858
BS-OPER-KKC-CTRL-2567-09,OPER-KKC-CTRL,2024-09,7,1240,1234,1.53016,100,8345200.0,100,0,0,0,72205600.0,80494900.0,SCB,107-2-10007-8,operating,KKC-CTRL,THB,1000000.0,monthly,14.285714285714286
BS-OPER-KKC-CTRL-2567-10,OPER-KKC-CTRL,2024-10,7,1240,1234,1.53016,102,10442000.0,102,0,0,0,80916300.0,90936900.0,SCB,107-2-10007-8,operating,KKC-CTRL,THB,1000000.0,monthly,14.571428571428571
BS-OPER-KKC-CTRL-2567-11,OPER-KKC-CTRL,2024-11,7,1240,1234,1.53016,102,9425708.0,102,0,0,0,91118300.0,100362608.0,SCB,107-2-10007-8,operating,KKC-CTRL,THB,1000000.0,monthly,14.571428571428571
BS-OPER-KKC-CTRL-2567-12,OPER-KKC-CTRL,2024-12,7,1240,1234,1.53016,109,8567085.0,109,0,0,0,100518908.0,108929693.0,SCB,107-2-10007-8,operating,KKC-CTRL,THB,1000000.0,monthly,15.571428571428571
BS-OPER-KKC-CTRL-2568-01,OPER-KKC-CTRL,2025-01,7,1240,1234,1.53016,103,8962000.0,103,0,0,0,108994893.0,117891693.0,SCB,107-2-10007-8,operating,KKC-CTRL,THB,1000000.0,monthly,14.714285714285714
BS-OPER-KKC-CTRL-2568-02,OPER-KKC-CTRL,2025-02,6,1240,1234,1.53016,93,8019800.0,93,0,0,0,117989193.0,125911493.0,SCB,107-2-10007-8,operating,KKC-CTRL,THB,1000000.0,monthly,15.5
BS-OPER-KKC-CTRL-2568-03,OPER-KKC-CTRL,2025-03,7,1240,1234,1.53016,105,9832400.0,105,0,0,0,125944693.0,135743893.0,SCB,107-2-10007-8,operating,KKC-CTRL,THB,1000000.0,monthly,15.0
BS-OPER-KKC-CTRL-2568-04,OPER-KKC-CTRL,2025-04,6,1240,1234,1.53016,82,8737800.0,82,0,0,0,135818393.0,144481693.0,SCB,107-2-10007-8,operating,KKC-CTRL,THB,1000000.0,monthly,13.666666666666666
BS-OPER-KKC-CTRL-2568-05,OPER-KKC-CTRL,2025-05,7,1240,1234,1.53016,100,8565400.0,100,0,0,0,144567693.0,153047093.0,SCB,107-2-10007-8,operating,KKC-CTRL,THB,1000000.0,monthly,14.285714285714286
BS-OPER-KKC-CTRL-2568-06,OPER-KKC-CTRL,2025-06,7,1240,1234,1.53016,104,9894700.0,104,0,0,0,153132693.0,162941793.0,SCB,107-2-10007-8,operating,KKC-CTRL,THB,1000000.0,monthly,14.857142857142858
BS-OPER-KKC-CTRL-2568-07,OPER-KKC-CTRL,2025-07,7,1240,1234,1.53016,110,9213755.0,110,0,0,0,163004493.0,172155548.0,SCB,107-2-10007-8,operating,KKC-CTRL,THB,1000000.0,monthly,15.714285714285714
BS-OPER-KKC-CTRL-2568-08,OPER-KKC-CTRL,2025-08,6,1240,1234,1.53016,94,9817800.0,94,0,0,0,172414948.0,181973348.0,SCB,107-2-10007-8,operating,KKC-CTRL,THB,1000000.0,monthly,15.666666666666666
BS-OPER-KKC-CTRL-2568-09,OPER-KKC-CTRL,2025-09,7,1240,1234,1.53016,104,10427300.0,104,0,0,0,182174248.0,192400648.0,SCB,107-2-10007-8,operating,KKC-CTRL,THB,1000000.0,monthly,14.857142857142858
BS-OPER-KKC-CTRL-2568-10,OPER-KKC-CTRL,2025-10,7,1240,1234,1.53016,96,9838200.0,96,0,0,0,192419548.0,202238848.0,SCB,107-2-10007-8,operating,KKC-CTRL,THB,1000000.0,monthly,13.714285714285714
BS-OPER-KKC-CTRL-2568-11,OPER-KKC-CTRL,2025-11,7,1240,1234,1.53016,102,8954668.0,102,0,0,0,202316048.0,211193516.0,SCB,107-2-10007-8,operating,KKC-CTRL,THB,1000000.0,monthly,14.571428571428571
BS-OPER-KKC-CTRL-2568-12,OPER-KKC-CTRL,2025-12,8,1240,1234,1.53016,111,10151600.0,111,0,0,0,211239816.0,221345116.0,SCB,107-2-10007-8,operating,KKC-CTRL,THB,1000000.0,monthly,13.875
BS-OPER-PTY-CTRL-2567-01,OPER-PTY-CTRL,2024-01,8,1240,1234,1.53016,116,14510000.0,116,0,0,0,1115600.0,15510000.0,BBL,108-3-10008-9,operating,PTY-CTRL,THB,1000000.0,monthly,14.5
BS-OPER-PTY-CTRL-2567-02,OPER-PTY-CTRL,2024-02,7,1240,1234,1.53016,109,11410900.0,109,0,0,0,15642100.0,26920900.0,BBL,108-3-10008-9,operating,PTY-CTRL,THB,1000000.0,monthly,15.571428571428571
BS-OPER-PTY-CTRL-2567-03,OPER-PTY-CTRL,2024-03,8,1240,1234,1.53016,115,14134900.0,115,0,0,0,27028200.0,41055800.0,BBL,108-3-10008-9,operating,PTY-CTRL,THB,1000000.0,monthly,14.375
BS-OPER-PTY-CTRL-2567-04,OPER-PTY-CTRL,2024-04,6,1240,1234,1.53016,93,11442000.0,93,0,0,0,41247600.0,52497800.0,BBL,108-3-10008-9,operating,PTY-CTRL,THB,1000000.0,monthly,15.5
BS-OPER-PTY-CTRL-2567-05,OPER-PTY-CTRL,2024-05,8,1240,1234,1.53016,111,13768500.0,111,0,0,0,52710700.0,66266300.0,BBL,108-3-10008-9,operating,PTY-CTRL,THB,1000000.0,monthly,13.875
BS-OPER-PTY-CTRL-2567-06,OPER-PTY-CTRL,2024-06,7,1240,1234,1.53016,109,12822500.0,109,0,0,0,66505100.0,79088800.0,BBL,108-3-10008-9,operating,PTY-CTRL,THB,1000000.0,monthly,15.571428571428571
BS-OPER-PTY-CTRL-2567-07,OPER-PTY-CTRL,2024-07,8,1240,1234,1.53016,111,14081600.0,111,0,0,0,79429300.0,93170400.0,BBL,108-3-10008-9,operating,PTY-CTRL,THB,1000000.0,monthly,13.875
BS-OPER-PTY-CTRL-2567-08,OPER-PTY-CTRL,2024-08,8,1240,1234,1.53016,117,16200000.0,117,0,0,0,93245000.0,109370400.0,BBL,108-3-10008-9,operating,PTY-CTRL,THB,1000000.0,monthly,14.625
BS-OPER-PTY-CTRL-2567-09,OPER-PTY-CTRL,2024-09,7,1240,1234,1.53016,110,13028700.0,110,0,0,0,109385100.0,122399100.0,BBL,108-3-10008-9,operating,PTY-CTRL,THB,1000000.0,monthly,15.714285714285714
BS-OPER-PTY-CTRL-2567-10,OPER-PTY-CTRL,2024-10,8,1240,1234,1.53016,115,12125000.0,115,0,0,0,122429000.0,134524100.0,BBL,108-3-10008-9,operating,PTY-CTRL,THB,1000000.0,monthly,14.375
BS-OPER-PTY-CTRL-2567-11,OPER-PTY-CTRL,2024-11,8,1240,1234,1.53016,115,13665652.0,115,0,0,0,134673500.0,148189752.0,BBL,108-3-10008-9,operating,PTY-CTRL,THB,1000000.0,monthly,14.375
BS-OPER-PTY-CTRL-2567-12,OPER-PTY-CTRL,2024-12,8,1240,1234,1.53016,113,15640765.0,113,0,0,0,148227552.0,163830517.0,BBL,108-3-10008-9,operating,PTY-CTRL,THB,1000000.0,monthly,14.125
BS-OPER-PTY-CTRL-2568-01,OPER-PTY-CTRL,2025-01,8,1240,1234,1.53016,114,12660500.0,114,0,0,0,163930617.0,176491017.0,BBL,108-3-10008-9,operating,PTY-CTRL,THB,1000000.0,monthly,14.25
BS-OPER-PTY-CTRL-2568-02,OPER-PTY-CTRL,2025-02,7,1240,1234,1.53016,101,11067600.0,101,0,0,0,176520917.0,187558617.0,BBL,108-3-10008-9,operating,PTY-CTRL,THB,1000000.0,monthly,14.428571428571429
BS-OPER-PTY-CTRL-2568-03,OPER-PTY-CTRL,2025-03,8,1240,1234,1.53016,114,13361100.0,114,0,0,0,187809217.0,200919717.0,BBL,108-3-10008-9,operating,PTY-CTRL,THB,1000000.0,monthly,14.25
BS-OPER-PTY-CTRL-2568-04,OPER-PTY-CTRL,2025-04,7,1240,1234,1.53016,95,12722000.0,95,0,0,0,201215917.0,213641717.0,BBL,108-3-10008-9,operating,PTY-CTRL,THB,1000000.0,monthly,13.571428571428571
BS-OPER-PTY-CTRL-2568-05,OPER-PTY-CTRL,2025-05,8,1240,1234,1.53016,119,15282100.0,119,0,0,0,213660617.0,228923817.0,BBL,108-3-10008-9,operating,PTY-CTRL,THB,1000000.0,monthly,14.875
BS-OPER-PTY-CTRL-2568-06,OPER-PTY-CTRL,2025-06,8,1240,1234,1.53016,116,13890200.0,116,0,0,0,228963017.0,242814017.0,BBL,108-3-10008-9,operating,PTY-CTRL,THB,1000000.0,monthly,14.5
BS-OPER-PTY-CTRL-2568-07,OPER-PTY-CTRL,2025-07,8,1240,1234,1.53016,111,13444690.0,111,0,0,0,242948417.0,256258707.0,BBL,108-3-10008-9,operating,PTY-CTRL,THB,1000000.0,monthly,13.875
BS-OPER-PTY-CTRL-2568-08,OPER-PTY-CTRL,2025-08,8,1240,1234,1.53016,113,14323800.0,113,0,0,0,256480107.0,270582507.0,BBL,108-3-10008-9,operating,PTY-CTRL,THB,1000000.0,monthly,14.125
BS-OPER-PTY-CTRL-2568-09,OPER-PTY-CTRL,2025-09,8,1240,1234,1.53016,115,12984900.0,115,0,0,0,270606307.0,283567407.0,BBL,108-3-10008-9,operating,PTY-CTRL,THB,1000000.0,monthly,14.375
BS-OPER-PTY-CTRL-2568-10,OPER-PTY-CTRL,2025-10,8,1240,1234,1.53016,112,14611000.0,112,0,0,0,283746907.0,298178407.0,BBL,108-3-10008-9,operating,PTY-CTRL,THB,1000000.0,monthly,14.0
BS-OPER-PTY-CTRL-2568-11,OPER-PTY-CTRL,2025-11,7,1240,1234,1.53016,108,13281246.0,108,0,0,0,298320107.0,311459653.0,BBL,108-3-10008-9,operating,PTY-CTRL,THB,1000000.0,monthly,15.428571428571429
BS-OPER-PTY-CTRL-2568-12,OPER-PTY-CTRL,2025-12,8,1240,1234,1.53016,119,14703030.0,119,0,0,0,311722053.0,326162683.0,BBL,108-3-10008-9,operating,PTY-CTRL,THB,1000000.0,monthly,14.875
BS-OPER-REMOTE-2567-01,OPER-REMOTE,2024-01,2,2968,2850,8.4588,87,13699200.0,87,0,0,0,1048100.0,14699200.0,KBank,109-1-10009-1,operating,REMOTE,THB,1000000.0,monthly,43.5
BS-OPER-REMOTE-2567-02,OPER-REMOTE,2024-02,2,2968,2850,8.4588,79,12499700.0,79,0,0,0,14895300.0,27198900.0,KBank,109-1-10009-1,operating,REMOTE,THB,1000000.0,monthly,39.5
BS-OPER-REMOTE-2567-03,OPER-REMOTE,2024-03,2,2968,2850,8.4588,88,14215900.0,88,0,0,0,27350200.0,41414800.0,KBank,109-1-10009-1,operating,REMOTE,THB,1000000.0,monthly,44.0
BS-OPER-REMOTE-2567-04,OPER-REMOTE,2024-04,2,2968,2850,8.4588,85,14342100.0,85,0,0,0,41502800.0,55756900.0,KBank,109-1-10009-1,operating,REMOTE,THB,1000000.0,monthly,42.5
BS-OPER-REMOTE-2567-05,OPER-REMOTE,2024-05,2,2968,2850,8.4588,89,13934400.0,89,0,0,0,55937500.0,69691300.0,KBank,109-1-10009-1,operating,REMOTE,THB,1000000.0,monthly,44.5
BS-OPER-REMOTE-2567-06,OPER-REMOTE,2024-06,2,2968,2850,8.4588,85,14297000.0,85,0,0,0,69860300.0,83988300.0,KBank,109-1-10009-1,operating,REMOTE,THB,1000000.0,monthly,42.5
BS-OPER-REMOTE-2567-07,OPER-REMOTE,2024-07,2,2968,2850,8.4588,89,12743600.0,89,0,0,0,84013200.0,96731900.0,KBank,109-1-10009-1,operating,REMOTE,THB,1000000.0,monthly,44.5
BS-OPER-REMOTE-2567-08,OPER-REMOTE,2024-08,2,2968,2850,8.4588,88,13102500.0,88,0,0,0,96805000.0,109834400.0,KBank,109-1-10009-1,operating,REMOTE,THB,1000000.0,monthly,44.0
BS-OPER-REMOTE-2567-09,OPER-REMOTE,2024-09,2,2968,2850,8.4588,88,13652300.0,88,0,0,0,109953900.0,123486700.0,KBank,109-1-10009-1,operating,REMOTE,THB,1000000.0,monthly,44.0
BS-OPER-REMOTE-2567-10,OPER-REMOTE,2024-10,3,2968,2850,8.4588,91,14275400.0,91,0,0,0,123949300.0,137762100.0,KBank,109-1-10009-1,operating,REMOTE,THB,1000000.0,monthly,30.333333333333332
BS-OPER-REMOTE-2567-11,OPER-REMOTE,2024-11,2,2968,2850,8.4588,85,14996152.0,85,0,0,0,137830900.0,152758252.0,KBank,109-1-10009-1,operating,REMOTE,THB,1000000.0,monthly,42.5
BS-OPER-REMOTE-2567-12,OPER-REMOTE,2024-12,2,2968,2850,8.4588,87,14586710.0,87,0,0,0,152860252.0,167344962.0,KBank,109-1-10009-1,operating,REMOTE,THB,1000000.0,monthly,43.5
BS-OPER-REMOTE-2568-01,OPER-REMOTE,2025-01,2,2968,2850,8.4588,89,14059800.0,89,0,0,0,167632962.0,181404762.0,KBank,109-1-10009-1,operating,REMOTE,THB,1000000.0,monthly,44.5
BS-OPER-REMOTE-2568-02,OPER-REMOTE,2025-02,2,2968,2850,8.4588,71,12580500.0,71,0,0,0,181586262.0,193985262.0,KBank,109-1-10009-1,operating,REMOTE,THB,1000000.0,monthly,35.5
BS-OPER-REMOTE-2568-03,OPER-REMOTE,2025-03,2,2968,2850,8.4588,85,14982100.0,85,0,0,0,194061162.0,208967362.0,KBank,109-1-10009-1,operating,REMOTE,THB,1000000.0,monthly,42.5
BS-OPER-REMOTE-2568-04,OPER-REMOTE,2025-04,2,2968,2850,8.4588,88,13846900.0,88,0,0,0,209049062.0,222814262.0,KBank,109-1-10009-1,operating,REMOTE,THB,1000000.0,monthly,44.0
BS-OPER-REMOTE-2568-05,OPER-REMOTE,2025-05,2,2968,2850,8.4588,88,14066500.0,88,0,0,0,222979362.0,236880762.0,KBank,109-1-10009-1,operating,REMOTE,THB,1000000.0,monthly,44.0
BS-OPER-REMOTE-2568-06,OPER-REMOTE,2025-06,2,2968,2850,8.4588,85,15102100.0,85,0,0,0,236990362.0,251982862.0,KBank,109-1-10009-1,operating,REMOTE,THB,1000000.0,monthly,42.5
BS-OPER-REMOTE-2568-07,OPER-REMOTE,2025-07,2,2968,2850,8.4588,89,150986075.0,89,0,0,0,252007762.0,402968937.0,KBank,109-1-10009-1,operating,REMOTE,THB,1000000.0,monthly,44.5
BS-OPER-REMOTE-2568-08,OPER-REMOTE,2025-08,2,2968,2850,8.4588,88,14102200.0,88,0,0,0,403208637.0,417071137.0,KBank,109-1-10009-1,operating,REMOTE,THB,1000000.0,monthly,44.0
BS-OPER-REMOTE-2568-09,OPER-REMOTE,2025-09,2,2968,2850,8.4588,84,13619400.0,84,0,0,0,417476237.0,430690537.0,KBank,109-1-10009-1,operating,REMOTE,THB,1000000.0,monthly,42.0
BS-OPER-REMOTE-2568-10,OPER-REMOTE,2025-10,2,2968,2850,8.4588,89,14187200.0,89,0,0,0,430833037.0,444877737.0,KBank,109-1-10009-1,operating,REMOTE,THB,1000000.0,monthly,44.5
BS-OPER-REMOTE-2568-11,OPER-REMOTE,2025-11,2,2968,2850,8.4588,85,13122456.0,85,0,0,0,445075937.0,458000193.0,KBank,109-1-10009-1,operating,REMOTE,THB,1000000.0,monthly,42.5
BS-OPER-REMOTE-2568-12,OPER-REMOTE,2025-12,2,2968,2850,8.4588,89,14423760.0,89,0,0,0,458452493.0,472423953.0,KBank,109-1-10009-1,operating,REMOTE,THB,1000000.0,monthly,44.5
BS-OPER-UDN-CTRL-2567-01,OPER-UDN-CTRL,2024-01,6,1240,1234,1.53016,94,7195100.0,94,0,0,0,1105500.0,8195100.0,SCB,110-2-10010-2,operating,UDN-CTRL,THB,1000000.0,monthly,15.666666666666666
BS-OPER-UDN-CTRL-2567-02,OPER-UDN-CTRL,2024-02,6,1240,1234,1.53016,85,6373600.0,85,0,0,0,8206900.0,14568700.0,SCB,110-2-10010-2,operating,UDN-CTRL,THB,1000000.0,monthly,14.166666666666666
BS-OPER-UDN-CTRL-2567-03,OPER-UDN-CTRL,2024-03,6,1240,1234,1.53016,93,7510500.0,93,0,0,0,14615500.0,22079200.0,SCB,110-2-10010-2,operating,UDN-CTRL,THB,1000000.0,monthly,15.5
BS-OPER-UDN-CTRL-2567-04,OPER-UDN-CTRL,2024-04,6,1240,1234,1.53016,82,7088700.0,82,0,0,0,22099000.0,29167900.0,SCB,110-2-10010-2,operating,UDN-CTRL,THB,1000000.0,monthly,13.666666666666666
BS-OPER-UDN-CTRL-2567-05,OPER-UDN-CTRL,2024-05,7,1240,1234,1.53016,101,7204300.0,101,0,0,0,29197800.0,36372200.0,SCB,110-2-10010-2,operating,UDN-CTRL,THB,1000000.0,monthly,14.428571428571429
BS-OPER-UDN-CTRL-2567-06,OPER-UDN-CTRL,2024-06,6,1240,1234,1.53016,93,6960200.0,93,0,0,0,36492200.0,43332400.0,SCB,110-2-10010-2,operating,UDN-CTRL,THB,1000000.0,monthly,15.5
BS-OPER-UDN-CTRL-2567-07,OPER-UDN-CTRL,2024-07,7,1240,1234,1.53016,106,8202800.0,106,0,0,0,43350200.0,51535200.0,SCB,110-2-10010-2,operating,UDN-CTRL,THB,1000000.0,monthly,15.142857142857142
BS-OPER-UDN-CTRL-2567-08,OPER-UDN-CTRL,2024-08,6,1240,1234,1.53016,92,7337700.0,92,0,0,0,51625000.0,58872900.0,SCB,110-2-10010-2,operating,UDN-CTRL,THB,1000000.0,monthly,15.333333333333334
BS-OPER-UDN-CTRL-2567-09,OPER-UDN-CTRL,2024-09,7,1240,1234,1.53016,96,9174000.0,96,0,0,0,58951600.0,68046900.0,SCB,110-2-10010-2,operating,UDN-CTRL,THB,1000000.0,monthly,13.714285714285714
BS-OPER-UDN-CTRL-2567-10,OPER-UDN-CTRL,2024-10,7,1240,1234,1.53016,95,8039800.0,95,0,0,0,68325200.0,76086700.0,SCB,110-2-10010-2,operating,UDN-CTRL,THB,1000000.0,monthly,13.571428571428571
BS-OPER-UDN-CTRL-2567-11,OPER-UDN-CTRL,2024-11,7,1240,1234,1.53016,103,7663136.0,103,0,0,0,76116600.0,83749836.0,SCB,110-2-10010-2,operating,UDN-CTRL,THB,1000000.0,monthly,14.714285714285714
BS-OPER-UDN-CTRL-2567-12,OPER-UDN-CTRL,2024-12,7,1240,1234,1.53016,105,8026810.0,105,0,0,0,83810636.0,91776646.0,SCB,110-2-10010-2,operating,UDN-CTRL,THB,1000000.0,monthly,15.0
BS-OPER-UDN-CTRL-2568-01,OPER-UDN-CTRL,2025-01,6,1240,1234,1.53016,84,7264900.0,84,0,0,0,91870646.0,99041546.0,SCB,110-2-10010-2,operating,UDN-CTRL,THB,1000000.0,monthly,14.0
BS-OPER-UDN-CTRL-2568-02,OPER-UDN-CTRL,2025-02,6,1240,1234,1.53016,90,6535000.0,90,0,0,0,99060446.0,105576546.0,SCB,110-2-10010-2,operating,UDN-CTRL,THB,1000000.0,monthly,15.0
BS-OPER-UDN-CTRL-2568-03,OPER-UDN-CTRL,2025-03,7,1240,1234,1.53016,97,6334500.0,97,0,0,0,105585046.0,111911046.0,SCB,110-2-10010-2,operating,UDN-CTRL,THB,1000000.0,monthly,13.857142857142858
BS-OPER-UDN-CTRL-2568-04,OPER-UDN-CTRL,2025-04,6,1240,1234,1.53016,81,5709400.0,81,0,0,0,112016746.0,117620446.0,SCB,110-2-10010-2,operating,UDN-CTRL,THB,1000000.0,monthly,13.5
BS-OPER-UDN-CTRL-2568-05,OPER-UDN-CTRL,2025-05,7,1240,1234,1.53016,99,7512300.0,99,0,0,0,117672646.0,125132746.0,SCB,110-2-10010-2,operating,UDN-CTRL,THB,1000000.0,monthly,14.142857142857142
BS-OPER-UDN-CTRL-2568-06,OPER-UDN-CTRL,2025-06,7,1240,1234,1.53016,97,8431600.0,97,0,0,0,125191246.0,133564346.0,SCB,110-2-10010-2,operating,UDN-CTRL,THB,1000000.0,monthly,13.857142857142858
BS-OPER-UDN-CTRL-2568-07,OPER-UDN-CTRL,2025-07,7,1240,1234,1.53016,102,8047440.0,102,0,0,0,133773646.0,141611786.0,SCB,110-2-10010-2,operating,UDN-CTRL,THB,1000000.0,monthly,14.571428571428571
BS-OPER-UDN-CTRL-2568-08,OPER-UDN-CTRL,2025-08,7,1240,1234,1.53016,98,8382000.0,98,0,0,0,141630686.0,149993786.0,SCB,110-2-10010-2,operating,UDN-CTRL,THB,1000000.0,monthly,14.0
BS-OPER-UDN-CTRL-2568-09,OPER-UDN-CTRL,2025-09,7,1240,1234,1.53016,96,7892400.0,96,0,0,0,150051386.0,157886186.0,SCB,110-2-10010-2,operating,UDN-CTRL,THB,1000000.0,monthly,13.714285714285714
BS-OPER-UDN-CTRL-2568-10,OPER-UDN-CTRL,2025-10,7,1240,1234,1.53016,95,8333900.0,95,0,0,0,157970686.0,166220086.0,SCB,110-2-10010-2,operating,UDN-CTRL,THB,1000000.0,monthly,13.571428571428571
BS-OPER-UDN-CTRL-2568-11,OPER-UDN-CTRL,2025-11,6,1240,1234,1.53016,86,6750108.0,86,0,0,0,166293686.0,172970194.0,SCB,110-2-10010-2,operating,UDN-CTRL,THB,1000000.0,monthly,14.333333333333334
BS-OPER-UDN-CTRL-2568-12,OPER-UDN-CTRL,2025-12,7,1240,1234,1.53016,101,8625930.0,101,0,0,0,173148394.0,181596124.0,SCB,110-2-10010-2,operating,UDN-CTRL,THB,1000000.0,monthly,14.428571428571429
BS-SCB-OPER-2567-01,SCB-OPER,2024-01,1,1240,1234,1.53016,1,300000.0,0,0,1,0,5300000.0,5300000.0,SCB,002-1-00001-2,operating,,THB,5000000.0,monthly,1.0
BS-SCB-OPER-2567-02,SCB-OPER,2024-02,1,1240,1234,1.53016,1,300000.0,0,0,1,0,5600000.0,5600000.0,SCB,002-1-00001-2,operating,,THB,5000000.0,monthly,1.0
BS-SCB-OPER-2567-03,SCB-OPER,2024-03,1,1240,1234,1.53016,1,300000.0,0,0,1,0,5900000.0,5900000.0,SCB,002-1-00001-2,operating,,THB,5000000.0,monthly,1.0
BS-SCB-OPER-2567-04,SCB-OPER,2024-04,1,1240,1234,1.53016,1,300000.0,0,0,1,0,6200000.0,6200000.0,SCB,002-1-00001-2,operating,,THB,5000000.0,monthly,1.0
BS-SCB-OPER-2567-05,SCB-OPER,2024-05,1,1240,1234,1.53016,1,300000.0,0,0,1,0,6500000.0,6500000.0,SCB,002-1-00001-2,operating,,THB,5000000.0,monthly,1.0
BS-SCB-OPER-2567-06,SCB-OPER,2024-06,1,1240,1234,1.53016,1,300000.0,0,0,1,0,6800000.0,6800000.0,SCB,002-1-00001-2,operating,,THB,5000000.0,monthly,1.0
BS-SCB-OPER-2567-07,SCB-OPER,2024-07,1,1240,1234,1.53016,1,300000.0,0,0,1,0,7100000.0,7100000.0,SCB,002-1-00001-2,operating,,THB,5000000.0,monthly,1.0
BS-SCB-OPER-2567-08,SCB-OPER,2024-08,1,1240,1234,1.53016,1,300000.0,0,0,1,0,7400000.0,7400000.0,SCB,002-1-00001-2,operating,,THB,5000000.0,monthly,1.0
BS-SCB-OPER-2567-09,SCB-OPER,2024-09,1,1240,1234,1.53016,1,300000.0,0,0,1,0,7700000.0,7700000.0,SCB,002-1-00001-2,operating,,THB,5000000.0,monthly,1.0
BS-SCB-OPER-2567-10,SCB-OPER,2024-10,1,1240,1234,1.53016,1,300000.0,0,0,1,0,8000000.0,8000000.0,SCB,002-1-00001-2,operating,,THB,5000000.0,monthly,1.0
BS-SCB-OPER-2567-11,SCB-OPER,2024-11,1,1240,1234,1.53016,1,300000.0,0,0,1,0,8300000.0,8300000.0,SCB,002-1-00001-2,operating,,THB,5000000.0,monthly,1.0
BS-SCB-OPER-2567-12,SCB-OPER,2024-12,1,1240,1234,1.53016,1,300000.0,0,0,1,0,8600000.0,8600000.0,SCB,002-1-00001-2,operating,,THB,5000000.0,monthly,1.0
BS-SCB-OPER-2568-01,SCB-OPER,2025-01,1,1240,1234,1.53016,1,300000.0,0,0,1,0,8900000.0,8900000.0,SCB,002-1-00001-2,operating,,THB,5000000.0,monthly,1.0
BS-SCB-OPER-2568-02,SCB-OPER,2025-02,1,1240,1234,1.53016,1,300000.0,0,0,1,0,9200000.0,9200000.0,SCB,002-1-00001-2,operating,,THB,5000000.0,monthly,1.0
BS-SCB-OPER-2568-03,SCB-OPER,2025-03,1,1240,1234,1.53016,1,300000.0,0,0,1,0,9500000.0,9500000.0,SCB,002-1-00001-2,operating,,THB,5000000.0,monthly,1.0
BS-SCB-OPER-2568-04,SCB-OPER,2025-04,1,1240,1234,1.53016,1,300000.0,0,0,1,0,9800000.0,9800000.0,SCB,002-1-00001-2,operating,,THB,5000000.0,monthly,1.0
BS-SCB-OPER-2568-05,SCB-OPER,2025-05,1,1240,1234,1.53016,1,300000.0,0,0,1,0,10100000.0,10100000.0,SCB,002-1-00001-2,operating,,THB,5000000.0,monthly,1.0
BS-SCB-OPER-2568-06,SCB-OPER,2025-06,1,1240,1234,1.53016,1,300000.0,0,0,1,0,10400000.0,10400000.0,SCB,002-1-00001-2,operating,,THB,5000000.0,monthly,1.0
BS-SCB-OPER-2568-07,SCB-OPER,2025-07,1,1240,1234,1.53016,1,300000.0,0,0,1,0,10700000.0,10700000.0,SCB,002-1-00001-2,operating,,THB,5000000.0,monthly,1.0
BS-SCB-OPER-2568-08,SCB-OPER,2025-08,1,1240,1234,1.53016,1,300000.0,0,0,1,0,11000000.0,11000000.0,SCB,002-1-00001-2,operating,,THB,5000000.0,monthly,1.0
BS-SCB-OPER-2568-09,SCB-OPER,2025-09,1,1240,1234,1.53016,1,300000.0,0,0,1,0,11300000.0,11300000.0,SCB,002-1-00001-2,operating,,THB,5000000.0,monthly,1.0
BS-SCB-OPER-2568-10,SCB-OPER,2025-10,1,1240,1234,1.53016,1,300000.0,0,0,1,0,11600000.0,11600000.0,SCB,002-1-00001-2,operating,,THB,5000000.0,monthly,1.0
BS-SCB-OPER-2568-11,SCB-OPER,2025-11,1,1240,1234,1.53016,1,300000.0,0,0,1,0,11900000.0,11900000.0,SCB,002-1-00001-2,operating,,THB,5000000.0,monthly,1.0
BS-SCB-OPER-2568-12,SCB-OPER,2025-12,1,1240,1234,1.53016,1,300000.0,0,0,1,0,12200000.0,12200000.0,SCB,002-1-00001-2,operating,,THB,5000000.0,monthly,1.0
