table,column,dtype,rows,non_null_rows,null_rows,null_pct,unique_values,unique_pct_of_non_null,sample_values,top_values
DIM_BANK_ACCOUNT,account_id,object,14,14,0,0.0,14,100.0,KBANK-OPER | SCB-OPER | BBL-OPER | OPER-BKK-CTW | OPER-BKK-EMSP,KBANK-OPER: 1 | SCB-OPER: 1 | BBL-OPER: 1 | OPER-BKK-CTW: 1 | OPER-BKK-EMSP: 1
DIM_BANK_ACCOUNT,account_number,object,14,14,0,0.0,14,100.0,001-1-00001-1 | 002-1-00001-2 | 003-1-00001-3 | 100-1-10000-1 | 101-2-10001-2,001-1-00001-1: 1 | 002-1-00001-2: 1 | 003-1-00001-3: 1 | 100-1-10000-1: 1 | 101-2-10001-2: 1
DIM_BANK_ACCOUNT,account_role,object,14,14,0,0.0,1,7.142857142857142,operating,operating: 14
DIM_BANK_ACCOUNT,associated_branch_code,object,14,11,3,21.428571428571427,11,100.0,BKK-CTW | BKK-EMSP | BKK-PKT | BKK-R9 | BKK-SIAM,<NULL>: 3 | BKK-CTW: 1 | BKK-EMSP: 1 | BKK-PKT: 1 | BKK-R9: 1
DIM_BANK_ACCOUNT,bank,object,14,14,0,0.0,3,21.428571428571427,KBank | SCB | BBL,KBank: 5 | SCB: 5 | BBL: 4
DIM_BANK_ACCOUNT,currency,object,14,14,0,0.0,1,7.142857142857142,THB,THB: 14
DIM_BANK_ACCOUNT,opening_balance_thb,float64,14,14,0,0.0,4,28.57142857142857,10000000.0 | 5000000.0 | 3000000.0 | 1000000.0,1000000.0: 11 | 10000000.0: 1 | 5000000.0: 1 | 3000000.0: 1
DIM_BANK_ACCOUNT,statement_cadence,object,14,14,0,0.0,1,7.142857142857142,monthly,monthly: 14
DIM_BRANCH,branch_code,object,11,11,0,0.0,11,100.0,BKK-R9 | BKK-SIAM | BKK-PKT | BKK-CTW | CNX-MAYA,BKK-R9: 1 | BKK-SIAM: 1 | BKK-PKT: 1 | BKK-CTW: 1 | CNX-MAYA: 1
DIM_BRANCH,branch_type,object,11,11,0,0.0,3,27.27272727272727,hq | branch | remote,branch: 9 | hq: 1 | remote: 1
DIM_BRANCH,employee_headcount_share_pct,float64,11,11,0,0.0,7,63.63636363636363,0.18 | 0.08 | 0.06 | 0.07 | 0.05,0.06: 3 | 0.05: 2 | 0.07: 2 | 0.08: 1 | 0.18: 1
DIM_BRANCH,is_service_center,bool,11,11,0,0.0,2,18.181818181818183,True | False,True: 8 | False: 3
DIM_BRANCH,name_en,object,11,11,0,0.0,11,100.0,Bangkok Ratchada 9 HQ | FahMai Siam | FahMai Phuket Road | FahMai Central World | FahMai Chiang Mai Maya,Bangkok Ratchada 9 HQ: 1 | FahMai Siam: 1 | FahMai Phuket Road: 1 | FahMai Central World: 1 | FahMai Chiang Mai Maya: 1
DIM_BRANCH,name_th,object,11,11,0,0.0,11,100.0,HQ Ratchada 9 | FahMai Siam | FahMai Phuket Road | FahMai Central World | FahMai Chiang Mai Maya,HQ Ratchada 9: 1 | FahMai Siam: 1 | FahMai Phuket Road: 1 | FahMai Central World: 1 | FahMai Chiang Mai Maya: 1
DIM_BRANCH,retail_floor_coefficient,float64,11,11,0,0.0,6,54.54545454545454,0.2 | 1.0 | 1.2 | 0.9 | 1.3,1.0: 6 | 0.2: 1 | 1.2: 1 | 0.9: 1 | 1.3: 1
DIM_BRANCH,traffic_share_pct,float64,11,11,0,0.0,8,72.72727272727273,0.08 | 0.16 | 0.1 | 0.12 | 0.09,0.08: 2 | 0.1: 2 | 0.09: 2 | 0.16: 1 | 0.12: 1
DIM_CUSTOMER,account_manager_id,object,30000,300,29700,99.0,1,0.33333333333333337,EMP-L3-00002,"<NULL>: 29,700 | EMP-L3-00002: 300"
DIM_CUSTOMER,age,float64,30000,29700,300,1.0,50,0.16835016835016833,26.0 | 27.0 | 28.0 | 29.0 | 30.0,26.0: 600 | 27.0: 600 | 28.0: 600 | 29.0: 600 | 30.0: 600
DIM_CUSTOMER,b2b_subtype,object,30000,300,29700,99.0,2,0.6666666666666667,SME | Enterprise,"<NULL>: 29,700 | SME: 150 | Enterprise: 150"
DIM_CUSTOMER,channel_pref,object,30000,30000,0,0.0,2,0.006666666666666667,mixed | offline,"mixed: 29,700 | offline: 300"
DIM_CUSTOMER,customer_id,object,30000,30000,0,0.0,30000,100.0,CUST-L3-000001 | CUST-L3-000002 | CUST-L3-000003 | CUST-L3-000004 | CUST-L3-000005,CUST-L3-000001: 1 | CUST-L3-000002: 1 | CUST-L3-000003: 1 | CUST-L3-000004: 1 | CUST-L3-000005: 1
DIM_CUSTOMER,customer_type,object,30000,30000,0,0.0,2,0.006666666666666667,B2C | B2B,"B2C: 29,700 | B2B: 300"
DIM_CUSTOMER,email,object,30000,30000,0,0.0,30000,100.0,customer000001@example.test | customer000002@example.test | customer000003@example.test | customer000004@example.test | customer000005@example.test,customer000001@example.test: 1 | customer000002@example.test: 1 | customer000003@example.test: 1 | customer000004@example.test: 1 | customer000005@example.test: 1
DIM_CUSTOMER,first_name_en,object,30000,30000,0,0.0,350,1.1666666666666667,Somying | Napa | Piti | Anong | Somsak,Somying: 600 | Napa: 600 | Piti: 600 | Anong: 600 | Somsak: 600
DIM_CUSTOMER,first_name_th,object,30000,29700,300,1.0,50,0.16835016835016833,สมหญิง | นภา | ปิติ | อนงค์ | สมศักดิ์,สมหญิง: 600 | นภา: 600 | ปิติ: 600 | อนงค์: 600 | สมศักดิ์: 600
DIM_CUSTOMER,gender,object,30000,29700,300,1.0,2,0.006734006734006734,M | F,"M: 15,000 | F: 14,700 | <NULL>: 300"
DIM_CUSTOMER,last_name_en,object,30000,29700,300,1.0,50,0.16835016835016833,Jaidee | Saengthong | Suksomboon | Sriwan | Boonruang,Saengthong: 600 | Phongphaibun: 600 | Sriwan: 600 | Onwan: 600 | Phakdi: 600
DIM_CUSTOMER,last_name_th,object,30000,29700,300,1.0,50,0.16835016835016833,ใจดี | แสงทอง | สุขสมบูรณ์ | ศรีวรรณ | บุญเรือง,แสงทอง: 600 | พงศ์ไพบูลย์: 600 | ศรีวรรณ: 600 | อ่อนหวาน: 600 | ภักดี: 600
DIM_CUSTOMER,loyalty_tier,object,30000,30000,0,0.0,4,0.013333333333333334,gold | platinum | none | silver,"none: 7,800 | gold: 7,500 | platinum: 7,500 | silver: 7,200"
DIM_CUSTOMER,payment_terms,object,30000,300,29700,99.0,2,0.6666666666666667,NET-30 | NET-60,"<NULL>: 29,700 | NET-30: 150 | NET-60: 150"
DIM_CUSTOMER,phone,int64,30000,30000,0,0.0,30000,100.0,800000001 | 800000002 | 800000003 | 800000004 | 800000005,800000001: 1 | 800000002: 1 | 800000003: 1 | 800000004: 1 | 800000005: 1
DIM_CUSTOMER,province,object,30000,30000,0,0.0,1,0.0033333333333333335,Bangkok,"Bangkok: 30,000"
DIM_CUSTOMER,region,object,30000,30000,0,0.0,1,0.0033333333333333335,BKK,"BKK: 30,000"
DIM_CUSTOMER,signup_date,object,30000,30000,0,0.0,2,0.006666666666666667,2024-01-05 | 2024-02-01,"2024-01-05: 29,700 | 2024-02-01: 300"
DIM_CUSTOMER,uses_line_oa,bool,30000,30000,0,0.0,2,0.006666666666666667,True | False,"True: 19,800 | False: 10,200"
DIM_DATE,date_be_string,object,731,731,0,0.0,731,100.0,2567-01-01 | 2567-01-02 | 2567-01-03 | 2567-01-04 | 2567-01-05,2567-01-01: 1 | 2567-01-02: 1 | 2567-01-03: 1 | 2567-01-04: 1 | 2567-01-05: 1
DIM_DATE,date_iso,object,731,731,0,0.0,731,100.0,2024-01-01 | 2024-01-02 | 2024-01-03 | 2024-01-04 | 2024-01-05,2024-01-01: 1 | 2024-01-02: 1 | 2024-01-03: 1 | 2024-01-04: 1 | 2024-01-05: 1
DIM_DATE,day_of_week,int64,731,731,0,0.0,7,0.957592339261286,1 | 2 | 3 | 4 | 5,1: 105 | 2: 105 | 3: 105 | 4: 104 | 5: 104
DIM_DATE,fiscal_quarter,int64,731,731,0,0.0,4,0.5471956224350205,1 | 2 | 3 | 4,4: 184 | 3: 184 | 2: 182 | 1: 181
DIM_DATE,fiscal_year,int64,731,731,0,0.0,2,0.27359781121751026,2567 | 2568,2567: 366 | 2568: 365
DIM_DATE,holiday_name,float64,731,0,731,100.0,0,,,<NULL>: 731
DIM_DATE,is_thai_public_holiday,bool,731,731,0,0.0,1,0.13679890560875513,False,False: 731
DIM_DEPARTMENT,dept_code,object,9,9,0,0.0,9,100.0,CEO | B2B | SUP | RET | FIN,CEO: 1 | B2B: 1 | SUP: 1 | RET: 1 | FIN: 1
DIM_DEPARTMENT,dept_name_en,object,9,9,0,0.0,9,100.0,Executive | B2B | Customer Support | Retail | Finance,Executive: 1 | B2B: 1 | Customer Support: 1 | Retail: 1 | Finance: 1
DIM_DEPARTMENT,dept_name_th,object,9,9,0,0.0,9,100.0,Executive | B2B | Customer Support | Retail | Finance,Executive: 1 | B2B: 1 | Customer Support: 1 | Retail: 1 | Finance: 1
DIM_DEPARTMENT,dept_type,object,9,9,0,0.0,2,22.22222222222222,corporate | product_division,corporate: 8 | product_division: 1
DIM_EMPLOYEE,branch_code,object,600,600,0,0.0,1,0.16666666666666669,BKK-R9,BKK-R9: 600
DIM_EMPLOYEE,canon_role_label,object,600,3,597,99.5,3,100.0,Founder & CEO | Board Chair | Incoming CEO,<NULL>: 597 | Founder & CEO: 1 | Board Chair: 1 | Incoming CEO: 1
DIM_EMPLOYEE,dept_code,object,600,600,0,0.0,9,1.5,CEO | B2B | SUP | RET | FIN,RET: 100 | MKT: 99 | B2B: 99 | SUP: 99 | FIN: 99
DIM_EMPLOYEE,email,object,600,600,0,0.0,600,100.0,vichai.l@fahmai.co.th | ben.a@fahmai.co.th | sara.l@fahmai.co.th | ron.r@fahmai.co.th | fin.a@fahmai.co.th,vichai.l@fahmai.co.th: 1 | ben.a@fahmai.co.th: 1 | sara.l@fahmai.co.th: 1 | ron.r@fahmai.co.th: 1 | fin.a@fahmai.co.th: 1
DIM_EMPLOYEE,employee_id,object,600,600,0,0.0,600,100.0,EMP-L3-00001 | EMP-L3-00002 | EMP-L3-00003 | EMP-L3-00004 | EMP-L3-00005,EMP-L3-00001: 1 | EMP-L3-00002: 1 | EMP-L3-00003: 1 | EMP-L3-00004: 1 | EMP-L3-00005: 1
DIM_EMPLOYEE,employment_type,object,600,600,0,0.0,1,0.16666666666666669,FT,FT: 600
DIM_EMPLOYEE,first_name_en,object,600,600,0,0.0,600,100.0,Vichai | Ben | Sara | Ron | Fin,Vichai: 1 | Ben: 1 | Sara: 1 | Ron: 1 | Fin: 1
DIM_EMPLOYEE,first_name_th,object,600,600,0,0.0,600,100.0,Vichai | Ben | Sara | Ron | Fin,Vichai: 1 | Ben: 1 | Sara: 1 | Ron: 1 | Fin: 1
DIM_EMPLOYEE,hire_date,object,600,600,0,0.0,1,0.16666666666666669,2023-01-01,2023-01-01: 600
DIM_EMPLOYEE,is_canon_leader,bool,600,600,0,0.0,2,0.33333333333333337,True | False,False: 597 | True: 3
DIM_EMPLOYEE,last_name_en,object,600,600,0,0.0,14,2.3333333333333335,Leelawong | Account | Lead | Retail | Approver,Member: 587 | Leelawong: 1 | Lead: 1 | Retail: 1 | Approver: 1
DIM_EMPLOYEE,last_name_th,object,600,600,0,0.0,14,2.3333333333333335,Leelawong | Account | Lead | Retail | Approver,Member: 587 | Leelawong: 1 | Lead: 1 | Retail: 1 | Approver: 1
DIM_EMPLOYEE,phone,float64,600,0,600,100.0,0,,,<NULL>: 600
DIM_EMPLOYEE,position_level,object,600,600,0,0.0,4,0.6666666666666667,C-level | Manager | Director | IC,IC: 589 | Manager: 6 | C-level: 3 | Director: 2
DIM_EMPLOYEE,position_title,object,600,600,0,0.0,18,3.0,CEO | B2B Account Manager | CS Lead | Retail Director | Finance Manager,MKT Staff: 98 | FIN Staff: 98 | OPS Staff: 98 | RET Staff: 98 | B2B Staff: 98
DIM_EMPLOYEE,reports_to_employee_id,object,600,598,2,0.33333333333333337,8,1.3377926421404682,EMP-L3-00001 | EMP-L3-00003 | EMP-L3-00004 | EMP-L3-00012 | EMP-L3-00002,EMP-L3-00004: 99 | EMP-L3-00005: 98 | EMP-L3-00003: 98 | EMP-L3-00008: 98 | EMP-L3-00002: 98
DIM_EMPLOYEE,section,float64,600,0,600,100.0,0,,,<NULL>: 600
DIM_EMPLOYEE,status,object,600,600,0,0.0,1,0.16666666666666669,active,active: 600
DIM_EMPLOYEE,termination_date,float64,600,0,600,100.0,0,,,<NULL>: 600
DIM_EMPLOYEE,termination_reason,float64,600,0,600,100.0,0,,,<NULL>: 600
DIM_EMPLOYEE,unit,float64,600,0,600,100.0,0,,,<NULL>: 600
DIM_POLICY_VERSION,effective_date,object,12,12,0,0.0,7,58.333333333333336,2024-01-01 | 2025-03-01 | 2025-04-01 | 2025-02-15 | 2025-05-01,2024-01-01: 5 | 2025-04-01: 2 | 2025-03-01: 1 | 2025-02-15: 1 | 2025-05-01: 1
DIM_POLICY_VERSION,end_date,object,12,5,7,58.333333333333336,4,80.0,2025-03-01 | 2025-04-01 | 2025-02-15 | 2025-03-15,<NULL>: 7 | 2025-04-01: 2 | 2025-03-01: 1 | 2025-02-15: 1 | 2025-03-15: 1
DIM_POLICY_VERSION,policy_class,object,12,12,0,0.0,6,50.0,return | membership | signing_authority | warranty | shipping,return: 2 | membership: 2 | signing_authority: 2 | warranty: 2 | shipping: 2
DIM_POLICY_VERSION,policy_doc_filename,float64,12,0,12,100.0,0,,,<NULL>: 12
DIM_POLICY_VERSION,policy_value_table_ref,object,12,3,9,75.0,2,66.66666666666666,dim_signing_authority_ladder | dim_care_plus_sku_tier,<NULL>: 9 | dim_signing_authority_ladder: 2 | dim_care_plus_sku_tier: 1
DIM_POLICY_VERSION,policy_variable,object,12,12,0,0.0,7,58.333333333333336,return_window_days | point_earning_rate_per_thb | refund_signing_authority_ladder | care_plus_sku_tier_table | warranty_routing,return_window_days: 2 | point_earning_rate_per_thb: 2 | refund_signing_authority_ladder: 2 | refund_threshold_thb: 2 | free_shipping_threshold_thb: 2
DIM_POLICY_VERSION,policy_version_id,int64,12,12,0,0.0,12,100.0,1 | 2 | 3 | 4 | 5,1: 1 | 2: 1 | 3: 1 | 4: 1 | 5: 1
DIM_POLICY_VERSION,scope_filter,object,12,12,0,0.0,1,8.333333333333332,global,global: 12
DIM_POLICY_VERSION,value_numeric,float64,12,8,4,33.33333333333333,8,100.0,14.0 | 21.0 | 0.01 | 0.0125 | 500.0,<NULL>: 4 | 14.0: 1 | 21.0: 1 | 0.01: 1 | 0.0125: 1
DIM_POLICY_VERSION,value_text,object,12,1,11,91.66666666666666,1,100.0,novatech_service,<NULL>: 11 | novatech_service: 1
DIM_POSITION_LEVEL,default_signing_authority_thb,float64,6,6,0,0.0,6,100.0,0.0 | 25000.0 | 100000.0 | 500000.0 | 1000000.0,0.0: 1 | 25000.0: 1 | 100000.0: 1 | 500000.0: 1 | 1000000.0: 1
DIM_POSITION_LEVEL,position_level_code,object,6,6,0,0.0,6,100.0,IC | Lead | Manager | Director | VP,IC: 1 | Lead: 1 | Manager: 1 | Director: 1 | VP: 1
DIM_POSITION_LEVEL,rank,int64,6,6,0,0.0,6,100.0,1 | 2 | 3 | 4 | 5,1: 1 | 2: 1 | 3: 1 | 4: 1 | 5: 1
DIM_PRODUCT,brand_family,object,110,110,0,0.0,6,5.454545454545454,NovaTech | SaiFah | ArcWave | WatchKit | Dawn,FahMai: 56 | NovaTech: 50 | SaiFah: 1 | ArcWave: 1 | WatchKit: 1
DIM_PRODUCT,care_plus_eligible,bool,110,110,0,0.0,2,1.8181818181818181,False | True,False: 106 | True: 4
DIM_PRODUCT,category,object,110,110,0,0.0,4,3.6363636363636362,smartphone | laptop | monitor | smartwatch,smartphone: 28 | laptop: 28 | monitor: 27 | smartwatch: 27
DIM_PRODUCT,dept_code,object,110,1,109,99.0909090909091,1,100.0,SF,<NULL>: 109 | SF: 1
DIM_PRODUCT,end_of_life_date,float64,110,0,110,100.0,0,,,<NULL>: 110
DIM_PRODUCT,is_third_party,bool,110,110,0,0.0,2,1.8181818181818181,True | False,False: 60 | True: 50
DIM_PRODUCT,launch_date,object,110,110,0,0.0,3,2.727272727272727,2023-01-01 | 2025-07-15 | 2024-01-01,2023-01-01: 106 | 2024-01-01: 3 | 2025-07-15: 1
DIM_PRODUCT,msrp_thb,float64,110,110,0,0.0,13,11.818181818181818,12900.0 | 42900.0 | 38900.0 | 16900.0 | 5900.0,12900.0: 14 | 55900.0: 13 | 24900.0: 13 | 29900.0: 13 | 8500.0: 13
DIM_PRODUCT,msrp_tier,object,110,110,0,0.0,3,2.727272727272727,10K-30K | >=30K | <10K,10K-30K: 54 | <10K: 40 | >=30K: 16
DIM_PRODUCT,sku_id,object,110,110,0,0.0,110,100.0,SKU-STD-001 | NT-LT-001 | SF-Galaxy-Pro-2568 | AW-MN-001 | WK-SW-004,SKU-STD-001: 1 | NT-LT-001: 1 | SF-Galaxy-Pro-2568: 1 | AW-MN-001: 1 | WK-SW-004: 1
DIM_PRODUCT,subcategory,object,110,110,0,0.0,2,1.8181818181818181,midrange | flagship,flagship: 56 | midrange: 54
DIM_PRODUCT,vendor_id,object,110,50,60,54.54545454545454,2,4.0,V-001 | V-002,<NULL>: 60 | V-001: 35 | V-002: 15
DIM_PRODUCT,warranty_months,int64,110,110,0,0.0,3,2.727272727272727,24 | 36 | 12,24: 108 | 36: 1 | 12: 1
DIM_PROMO_CAMPAIGN,campaign_id,object,7,7,0,0.0,7,100.0,SF-LAUNCH-2568 | MEGA-1111-2567 | MEGA-1212-2567 | MEGA-1111-2568 | MEGA-1212-2568,SF-LAUNCH-2568: 1 | MEGA-1111-2567: 1 | MEGA-1212-2567: 1 | MEGA-1111-2568: 1 | MEGA-1212-2568: 1
DIM_PROMO_CAMPAIGN,description_en,object,7,7,0,0.0,7,100.0,SF Galaxy Pro 2568 launch promo | 11.11 Mega Sale 2567 | 12.12 Mega Sale 2567 | 11.11 Mega Sale 2568 | 12.12 Mega Sale 2568,SF Galaxy Pro 2568 launch promo: 1 | 11.11 Mega Sale 2567: 1 | 12.12 Mega Sale 2567: 1 | 11.11 Mega Sale 2568: 1 | 12.12 Mega Sale 2568: 1
DIM_PROMO_CAMPAIGN,description_th,object,7,7,0,0.0,7,100.0,SF Galaxy Pro 2568 launch promo | 11.11 มหกรรมลดราคา 2567 | 12.12 มหกรรมลดราคา 2567 | 11.11 มหกรรมลดราคา 2568 | 12.12 มหกรรมลดราคา 2568,SF Galaxy Pro 2568 launch promo: 1 | 11.11 มหกรรมลดราคา 2567: 1 | 12.12 มหกรรมลดราคา 2567: 1 | 11.11 มหกรรมลดราคา 2568: 1 | 12.12 มหกรรมลดราคา 2568: 1
DIM_PROMO_CAMPAIGN,end_timestamp,object,7,7,0,0.0,7,100.0,2025-07-31T23:59:59+07:00 | 2024-11-12T23:59:59+07:00 | 2024-12-13T23:59:59+07:00 | 2025-11-12T23:59:59+07:00 | 2025-12-13T23:59:59+07:00,2025-07-31T23:59:59+07:00: 1 | 2024-11-12T23:59:59+07:00: 1 | 2024-12-13T23:59:59+07:00: 1 | 2025-11-12T23:59:59+07:00: 1 | 2025-12-13T23:59:59+07:00: 1
DIM_PROMO_CAMPAIGN,scope_filter,object,7,7,0,0.0,3,42.857142857142854,"sku-list:[SF-Galaxy-Pro-2568] | all | sku-list:[DN-LT-010,WK-SW-004,AW-MN-001]","all: 4 | sku-list:[DN-LT-010,WK-SW-004,AW-MN-001]: 2 | sku-list:[SF-Galaxy-Pro-2568]: 1"
DIM_PROMO_CAMPAIGN,start_timestamp,object,7,7,0,0.0,7,100.0,2025-07-15T00:00:00+07:00 | 2024-11-11T00:00:00+07:00 | 2024-12-12T00:00:00+07:00 | 2025-11-10T00:00:00+07:00 | 2025-12-11T00:00:00+07:00,2025-07-15T00:00:00+07:00: 1 | 2024-11-11T00:00:00+07:00: 1 | 2024-12-12T00:00:00+07:00: 1 | 2025-11-10T00:00:00+07:00: 1 | 2025-12-11T00:00:00+07:00: 1
DIM_VENDOR,category,object,6,6,0,0.0,3,50.0,consumer_brand | logistics | payments,logistics: 3 | consumer_brand: 2 | payments: 1
DIM_VENDOR,end_date,object,6,1,5,83.33333333333334,1,100.0,2025-03-31,<NULL>: 5 | 2025-03-31: 1
DIM_VENDOR,invoice_cadence,object,6,6,0,0.0,2,33.33333333333333,monthly | weekly,monthly: 3 | weekly: 3
DIM_VENDOR,is_component_supplier,bool,6,6,0,0.0,1,16.666666666666664,False,False: 6
DIM_VENDOR,is_partner_brand,bool,6,6,0,0.0,2,33.33333333333333,True | False,False: 4 | True: 2
DIM_VENDOR,name_en,object,6,6,0,0.0,6,100.0,NovaTech | NovaTech Service | VeloShip | PayWise | LegacyShip,NovaTech: 1 | NovaTech Service: 1 | VeloShip: 1 | PayWise: 1 | LegacyShip: 1
DIM_VENDOR,name_th,object,6,6,0,0.0,6,100.0,NovaTech | NovaTech Service | VeloShip | PayWise | LegacyShip,NovaTech: 1 | NovaTech Service: 1 | VeloShip: 1 | PayWise: 1 | LegacyShip: 1
DIM_VENDOR,payment_terms,object,6,6,0,0.0,2,33.33333333333333,NET-30 | NET-15,NET-30: 3 | NET-15: 3
DIM_VENDOR,role,object,6,6,0,0.0,4,66.66666666666666,partner_brand | warranty_partner | carrier | processor,carrier: 3 | partner_brand: 1 | warranty_partner: 1 | processor: 1
DIM_VENDOR,start_date,object,6,6,0,0.0,2,33.33333333333333,2023-01-01 | 2025-04-01,2023-01-01: 5 | 2025-04-01: 1
DIM_VENDOR,vendor_id,object,6,6,0,0.0,6,100.0,V-001 | V-002 | V-006 | V-013 | V-014,V-001: 1 | V-002: 1 | V-006: 1 | V-013: 1 | V-014: 1
DIM_VENDOR_CONTRACT_VERSION,amendment_summary,object,22,16,6,27.27272727272727,13,81.25,Fee-floor amendment | Yearly rate ladder | Compliance amendment | Warranty service carve | Parts pricing update,<NULL>: 6 | Compliance amendment: 3 | Peak-season surcharge: 2 | Fee-floor amendment: 1 | Warranty service carve: 1
DIM_VENDOR_CONTRACT_VERSION,contract_pdf_filename,object,22,22,0,0.0,22,100.0,contracts/V-013-v1.pdf | contracts/V-013-v2.pdf | contracts/V-013-v3.pdf | contracts/V-013-v4.pdf | contracts/V-002-v1.pdf,contracts/V-013-v1.pdf: 1 | contracts/V-013-v2.pdf: 1 | contracts/V-013-v3.pdf: 1 | contracts/V-013-v4.pdf: 1 | contracts/V-002-v1.pdf: 1
DIM_VENDOR_CONTRACT_VERSION,contract_version_id,int64,22,22,0,0.0,22,100.0,1 | 2 | 3 | 4 | 5,1: 1 | 2: 1 | 3: 1 | 4: 1 | 5: 1
DIM_VENDOR_CONTRACT_VERSION,effective_date,object,22,22,0,0.0,12,54.54545454545454,2024-01-01 | 2025-04-01 | 2025-07-01 | 2025-10-01 | 2025-06-01,2024-01-01: 5 | 2025-04-01: 4 | 2025-10-01: 3 | 2024-09-01: 2 | 2025-07-01: 1
DIM_VENDOR_CONTRACT_VERSION,end_date,object,22,17,5,22.727272727272727,12,70.58823529411765,2025-04-01 | 2025-07-01 | 2025-10-01 | 2025-06-01 | 2025-09-01,<NULL>: 5 | 2025-04-01: 3 | 2025-10-01: 3 | 2024-09-01: 2 | 2025-07-01: 1
DIM_VENDOR_CONTRACT_VERSION,vendor_id,object,22,22,0,0.0,6,27.27272727272727,V-013 | V-002 | V-006 | V-001 | V-014,V-013: 4 | V-002: 4 | V-006: 4 | V-001: 4 | V-014: 3
DIM_VENDOR_CONTRACT_VERSION,version_number,int64,22,22,0,0.0,4,18.181818181818183,1 | 2 | 3 | 4,1: 6 | 2: 6 | 3: 6 | 4: 4
FACT_BANK_TRANSACTION,account_id,object,65334,65334,0,0.0,14,0.02142835277191049,KBANK-OPER | BBL-OPER | SCB-OPER | OPER-BKK-CTW | OPER-BKK-EMSP,"KBANK-OPER: 37,007 | OPER-BKK-SIAM: 2,838 | OPER-BKK-CTW: 2,774 | OPER-BKK-EMSP: 2,714 | OPER-PTY-CTRL: 2,671"
FACT_BANK_TRANSACTION,amount_thb,float64,65334,65334,0,0.0,4847,7.418801848960725,-85000.0 | -42000.0 | -18500.0 | -16800.0 | -16900.0,"-39150.0: 14,400 | -300.0: 1,255 | -8500.0: 988 | -12900.0: 924 | -29900.0: 912"
FACT_BANK_TRANSACTION,as_of_date,object,65334,65334,0,0.0,1,0.001530596626565035,2026-01-15,"2026-01-15: 65,334"
FACT_BANK_TRANSACTION,balance_after_thb,float64,65334,65334,0,0.0,65245,99.8637769002357,9810700.0 | 9760200.0 | 9895700.0 | 9697800.0 | 9714600.0,45890400.0: 3 | 167369200.0: 2 | 1225646750.0: 2 | 1230274650.0: 2 | 3739300.0: 2
FACT_BANK_TRANSACTION,bank_txn_id,object,65334,65334,0,0.0,65334,100.0,BT-202401-160695623562 | BT-202401-245384114094 | BT-202401-114016678594 | BT-202401-788599466404 | BT-202401-595128288829,BT-202401-160695623562: 1 | BT-202401-245384114094: 1 | BT-202401-114016678594: 1 | BT-202401-788599466404: 1 | BT-202401-595128288829: 1
FACT_BANK_TRANSACTION,business_event_date,object,65334,65334,0,0.0,731,1.1188661340190407,2024-01-01 | 2024-01-02 | 2024-01-03 | 2024-01-04 | 2024-01-05,2024-06-30: 681 | 2025-05-31: 679 | 2025-02-28: 678 | 2025-12-31: 676 | 2024-07-31: 675
FACT_BANK_TRANSACTION,counterparty,object,65334,37007,28327,43.35721064070775,8083,21.841813710919556,V-001 | V-002 | V-006 | V-014 | CUST-L3-003586,"<NULL>: 28,327 | V-006: 192 | V-002: 192 | V-001: 192 | V-014: 120"
FACT_BANK_TRANSACTION,description,object,65334,65334,0,0.0,65194,99.7857164722809,Vendor payment V-001 VP-202401-8584003 | Vendor payment V-002 VP-202401-14427228 | Vendor payment V-006 VP-202401-13226606 | Vendor payment V-014 VP-202401-11818583 | Refund payout RFD-202401-01003586,Inter-account transfer KBANK-OPER -> SCB-OPER: 48 | Inter-account transfer KBANK-OPER -> BBL-OPER: 48 | Monthly bank fee: wire-fee on KBANK-OPER: 24 | Monthly bank fee: account-maintenance on KBANK-OPER: 24 | Vendor payment V-006 VP-202401-13226606: 1
FACT_BANK_TRANSACTION,effective_date,float64,65334,0,65334,100.0,0,,,"<NULL>: 65,334"
FACT_BANK_TRANSACTION,posting_date,object,65334,65334,0,0.0,731,1.1188661340190407,2024-01-01 | 2024-01-02 | 2024-01-03 | 2024-01-04 | 2024-01-05,2024-06-30: 681 | 2025-05-31: 679 | 2025-02-28: 678 | 2025-12-31: 676 | 2024-07-31: 675
FACT_BANK_TRANSACTION,related_entity_id,object,65334,65190,144,0.22040591422536507,65190,100.0,VP-202401-8584003 | VP-202401-14427228 | VP-202401-13226606 | VP-202401-11818583 | RFD-202401-01003586,<NULL>: 144 | UDN-CTRL|2025-12-27|debit_card: 1 | UDN-CTRL|2025-12-27|credit_card: 1 | RFD-202401-01011803: 1 | UDN-CTRL|2025-12-31|mobile_wallet: 1
FACT_BANK_TRANSACTION,related_entity_table,object,65334,65190,144,0.22040591422536507,6,0.009203865623561897,FACT_VENDOR_PAYMENT | FACT_REFUND_PAID | FACT_LOYALTY_LEDGER | FACT_SALES | FACT_PAYROLL,"FACT_SALES_DEPOSIT_BATCH: 28,279 | FACT_PAYROLL: 14,400 | FACT_SALES: 13,313 | FACT_REFUND_PAID: 7,134 | FACT_LOYALTY_LEDGER: 1,255"
FACT_BANK_TRANSACTION,transaction_type,object,65334,65334,0,0.0,4,0.00612238650626014,withdrawal | transfer | fee | deposit,"deposit: 41,592 | withdrawal: 23,598 | transfer: 96 | fee: 48"
FACT_CS_INTERACTION,as_of_date,object,14368,14368,0,0.0,1,0.006959910913140311,2026-01-15,"2026-01-15: 14,368"
FACT_CS_INTERACTION,branch_code,object,14368,14368,0,0.0,1,0.006959910913140311,BKK-R9,"BKK-R9: 14,368"
FACT_CS_INTERACTION,business_event_date,object,14368,14368,0,0.0,730,5.080734966592428,2024-01-01 | 2024-01-02 | 2024-01-03 | 2024-01-04 | 2024-01-05,2024-08-08: 41 | 2024-07-09: 34 | 2024-01-07: 33 | 2025-05-17: 32 | 2024-09-25: 31
FACT_CS_INTERACTION,channel,object,14368,14368,0,0.0,2,0.013919821826280623,in_person | line_oa,"in_person: 10,993 | line_oa: 3,375"
FACT_CS_INTERACTION,chat_session_id,object,14368,3375,10993,76.51030066815144,3375,100.0,CHAT-LO-2024-01-01-18e2b7 | CHAT-LO-2024-01-01-6a4b13 | CHAT-LO-2024-01-01-78d15f | CHAT-LO-2024-01-01-bf7ef4 | CHAT-LO-2024-01-02-e377ee,"<NULL>: 10,993 | CHAT-LO-2024-01-01-18e2b7: 1 | CHAT-LO-2024-01-01-6a4b13: 1 | CHAT-LO-2024-01-01-78d15f: 1 | CHAT-LO-2024-01-01-bf7ef4: 1"
FACT_CS_INTERACTION,cs_interaction_id,object,14368,14368,0,0.0,14368,100.0,CSI-202401-3660151 | CSI-202401-10201929 | CSI-202401-13981444 | CSI-202401-6059576 | CSI-202401-12427146,CSI-202401-3660151: 1 | CSI-202401-10201929: 1 | CSI-202401-13981444: 1 | CSI-202401-6059576: 1 | CSI-202401-12427146: 1
FACT_CS_INTERACTION,customer_id,object,14368,14368,0,0.0,10968,76.33630289532294,CUST-L3-003586 | CUST-L3-006388 | CUST-L3-006599 | CUST-L3-006763 | CUST-L3-006864,CUST-L3-020114: 6 | CUST-L3-013734: 5 | CUST-L3-009065: 5 | CUST-L3-021995: 5 | CUST-L3-001791: 5
FACT_CS_INTERACTION,effective_date,float64,14368,0,14368,100.0,0,,,"<NULL>: 14,368"
FACT_CS_INTERACTION,employee_id,object,14368,14368,0,0.0,41,0.28535634743875277,EMP-L3-00010 | EMP-L3-00019 | EMP-L3-00025 | EMP-L3-00031 | EMP-L3-00037,EMP-L3-00010: 730 | EMP-L3-00019: 726 | EMP-L3-00025: 725 | EMP-L3-00031: 722 | EMP-L3-00037: 721
FACT_CS_INTERACTION,interaction_type,object,14368,14368,0,0.0,3,0.020879732739420936,refund_request | chat_general | warranty_claim,"refund_request: 7,080 | warranty_claim: 3,913 | chat_general: 3,375"
FACT_CS_INTERACTION,posting_date,object,14368,14368,0,0.0,730,5.080734966592428,2024-01-01 | 2024-01-02 | 2024-01-03 | 2024-01-04 | 2024-01-05,2024-08-08: 41 | 2024-07-09: 34 | 2024-01-07: 33 | 2025-05-17: 32 | 2024-09-25: 31
FACT_CS_INTERACTION,related_refund_id,object,14368,7080,7288,50.72383073496659,7080,100.0,RFD-202401-01003586 | RFD-202401-01006864 | RFD-202401-01009523 | RFD-202401-01011803 | RFD-202401-01016943,"<NULL>: 7,288 | RFD-202401-01017284: 1 | RFD-202401-01017801: 1 | RFD-202401-01024617: 1 | RFD-202512-28028468: 1"
FACT_CS_INTERACTION,related_warranty_claim_id,object,14368,3913,10455,72.76586859688196,3913,100.0,WC-202401-01009861 | WC-202401-01029212 | WC-202401-02002376 | WC-202401-02003648 | WC-202401-02004990,"<NULL>: 10,455 | WC-202401-01009861: 1 | WC-202401-01029212: 1 | WC-202401-02002376: 1 | WC-202401-02003648: 1"
FACT_CS_INTERACTION,resolution_type,object,14368,14368,0,0.0,2,0.013919821826280623,resolved | open,"open: 7,288 | resolved: 7,080"
FACT_INVENTORY_MONTHLY_SNAPSHOT,as_of_date,object,26220,26220,0,0.0,1,0.003813882532418002,2026-01-15,"2026-01-15: 26,220"
FACT_INVENTORY_MONTHLY_SNAPSHOT,branch_code,object,26220,26220,0,0.0,10,0.03813882532418002,BKK-R9 | BKK-SIAM | BKK-PKT | BKK-CTW | CNX-MAYA,"BKK-R9: 2,622 | BKK-SIAM: 2,622 | BKK-PKT: 2,622 | BKK-CTW: 2,622 | CNX-MAYA: 2,622"
FACT_INVENTORY_MONTHLY_SNAPSHOT,business_event_date,object,26220,26220,0,0.0,24,0.09153318077803205,2024-01-31 | 2024-02-29 | 2024-03-31 | 2024-04-30 | 2024-05-31,"2025-11-30: 1,100 | 2025-12-31: 1,100 | 2025-08-31: 1,100 | 2025-07-31: 1,100 | 2025-10-31: 1,100"
FACT_INVENTORY_MONTHLY_SNAPSHOT,closing_units,int64,26220,26220,0,0.0,1035,3.9473684210526314,205 | 416 | 242 | 310 | 262,"0: 1,001 | 57: 132 | 14: 129 | 125: 124 | 109: 123"
FACT_INVENTORY_MONTHLY_SNAPSHOT,effective_date,float64,26220,0,26220,100.0,0,,,"<NULL>: 26,220"
FACT_INVENTORY_MONTHLY_SNAPSHOT,month_end_date,object,26220,26220,0,0.0,24,0.09153318077803205,2024-01-31 | 2024-02-29 | 2024-03-31 | 2024-04-30 | 2024-05-31,"2025-11-30: 1,100 | 2025-12-31: 1,100 | 2025-08-31: 1,100 | 2025-07-31: 1,100 | 2025-10-31: 1,100"
FACT_INVENTORY_MONTHLY_SNAPSHOT,posting_date,object,26220,26220,0,0.0,24,0.09153318077803205,2024-01-31 | 2024-02-29 | 2024-03-31 | 2024-04-30 | 2024-05-31,"2025-11-30: 1,100 | 2025-12-31: 1,100 | 2025-08-31: 1,100 | 2025-07-31: 1,100 | 2025-10-31: 1,100"
FACT_INVENTORY_MONTHLY_SNAPSHOT,sku_id,object,26220,26220,0,0.0,110,0.4195270785659802,SKU-STD-001 | NT-LT-001 | AW-MN-001 | WK-SW-004 | DN-LT-010,SKU-STD-001: 240 | NT-LT-001: 240 | AW-MN-001: 240 | WK-SW-004: 240 | DN-LT-010: 240
FACT_INVENTORY_MONTHLY_SNAPSHOT,snapshot_id,int64,26220,26220,0,0.0,26220,100.0,476601070258 | 197641851802 | 957191667590 | 970146424795 | 745155190140,476601070258: 1 | 197641851802: 1 | 957191667590: 1 | 970146424795: 1 | 745155190140: 1
FACT_INVENTORY_MOVEMENT,as_of_date,object,310827,310827,0,0.0,1,0.00032172237289553355,2026-01-15,"2026-01-15: 310,827"
FACT_INVENTORY_MOVEMENT,branch_code,object,310827,310827,0,0.0,11,0.003538946101850869,BKK-PKT | HKT-FEST | BKK-EMSP | BKK-SIAM | PTY-CTRL,"BKK-SIAM: 50,434 | BKK-CTW: 37,678 | BKK-PKT: 31,921 | BKK-EMSP: 31,899 | PTY-CTRL: 28,789"
FACT_INVENTORY_MOVEMENT,business_event_date,object,310827,310827,0,0.0,731,0.23517905458663502,2024-01-01 | 2024-01-02 | 2024-01-03 | 2024-01-04 | 2024-01-05,2024-07-15: 749 | 2024-01-01: 743 | 2024-02-15: 693 | 2024-06-15: 683 | 2025-02-15: 675
FACT_INVENTORY_MOVEMENT,effective_date,float64,310827,0,310827,100.0,0,,,"<NULL>: 310,827"
FACT_INVENTORY_MOVEMENT,movement_id,int64,310827,310827,0,0.0,310827,100.0,1014729828994 | 605191040928 | 1015209958563 | 814003353652 | 717141841695,1014729828994: 1 | 605191040928: 1 | 1015209958563: 1 | 814003353652: 1 | 717141841695: 1
FACT_INVENTORY_MOVEMENT,movement_type,object,310827,310827,0,0.0,4,0.0012868894915821342,sale | transfer_out | transfer_in | opening_balance,"sale: 304,817 | transfer_out: 2,400 | transfer_in: 2,400 | opening_balance: 1,210"
FACT_INVENTORY_MOVEMENT,posting_date,object,310827,310827,0,0.0,731,0.23517905458663502,2024-01-01 | 2024-01-02 | 2024-01-03 | 2024-01-04 | 2024-01-05,2024-07-15: 749 | 2024-01-01: 743 | 2024-02-15: 693 | 2024-06-15: 683 | 2025-02-15: 675
FACT_INVENTORY_MOVEMENT,quantity,int64,310827,310827,0,0.0,319,0.1026294369536752,-1 | -50 | 50 | 12152 | 12144,"-1: 304,817 | 50: 2,500 | -50: 2,400 | 270: 13 | 265: 13"
FACT_INVENTORY_MOVEMENT,related_txn_id,object,310827,309617,1210,0.38928407120359554,115812,37.40492285630311,TXN-202401-01000002 | TXN-202401-01000422 | TXN-202401-01000462 | TXN-202401-01000479 | TXN-202401-01000697,"<NULL>: 1,210 | TXN-202404-07026100: 15 | TXN-202406-05016300: 15 | TXN-202510-14000600: 15 | TXN-202412-21001600: 15"
FACT_INVENTORY_MOVEMENT,sku_id,object,310827,310827,0,0.0,110,0.035389461018508685,SKU-MASS-059 | SKU-MASS-007 | SKU-MASS-010 | SKU-MASS-048 | SKU-MASS-029,"AW-MN-001: 3,322 | SKU-MASS-011: 3,284 | SKU-MASS-007: 3,276 | SKU-MASS-012: 3,274 | NT-LT-001: 3,254"
FACT_LOYALTY_LEDGER,as_of_date,object,118857,118857,0,0.0,1,0.0008413471650807273,2026-01-15,"2026-01-15: 118,857"
FACT_LOYALTY_LEDGER,business_event_date,object,118857,118857,0,0.0,731,0.6150247776740116,2024-01-01 | 2024-01-02 | 2024-01-03 | 2024-01-04 | 2024-01-05,2025-12-20: 825 | 2025-09-20: 797 | 2025-11-20: 771 | 2025-07-20: 767 | 2025-08-20: 759
FACT_LOYALTY_LEDGER,customer_id,object,118857,118857,0,0.0,21387,17.993891819581513,CUST-L3-000002 | CUST-L3-000422 | CUST-L3-000462 | CUST-L3-000697 | CUST-L3-001049,CUST-L3-024340: 21 | CUST-L3-010744: 21 | CUST-L3-022624: 20 | CUST-L3-012785: 19 | CUST-L3-026486: 19
FACT_LOYALTY_LEDGER,effective_date,float64,118857,0,118857,100.0,0,,,"<NULL>: 118,857"
FACT_LOYALTY_LEDGER,event_type,object,118857,118857,0,0.0,4,0.003365388660322909,earned | redeemed | expired | tier_change,"earned: 74,102 | expired: 37,183 | tier_change: 6,317 | redeemed: 1,255"
FACT_LOYALTY_LEDGER,ledger_id,int64,118857,118857,0,0.0,118857,100.0,76704453784 | 413981764034 | 266570004541 | 772003601322 | 222101589946,76704453784: 1 | 413981764034: 1 | 266570004541: 1 | 772003601322: 1 | 222101589946: 1
FACT_LOYALTY_LEDGER,points_delta,int64,118857,118857,0,0.0,4600,3.8701969593713454,1376 | 498 | 170 | 838 | 357,"0: 6,317 | 129: 1,862 | 374: 1,763 | 258: 1,388 | 378: 1,300"
FACT_LOYALTY_LEDGER,posting_date,object,118857,118857,0,0.0,731,0.6150247776740116,2024-01-01 | 2024-01-02 | 2024-01-03 | 2024-01-04 | 2024-01-05,2025-12-20: 825 | 2025-09-20: 797 | 2025-11-20: 771 | 2025-07-20: 767 | 2025-08-20: 759
FACT_LOYALTY_LEDGER,resulting_balance_points,int64,118857,118857,0,0.0,6134,5.160823510605181,1376 | 498 | 170 | 838 | 357,"0: 12,898 | 258: 972 | 129: 925 | 378: 899 | 374: 875"
FACT_LOYALTY_LEDGER,resulting_tier,object,118857,118857,0,0.0,4,0.003365388660322909,platinum | gold | silver | none,"gold: 39,874 | silver: 38,655 | platinum: 38,249 | none: 2,079"
FACT_LOYALTY_LEDGER,txn_id,object,118857,75357,43500,36.59860168101163,74102,98.33459399923034,TXN-202401-01000002 | TXN-202401-01000422 | TXN-202401-01000462 | TXN-202401-01000697 | TXN-202401-01001049,"<NULL>: 43,500 | TXN-202412-24004625: 2 | TXN-202412-04029041: 2 | TXN-202401-16027418: 2 | TXN-202405-21012796: 2"
FACT_PAYROLL,as_of_date,object,14400,14400,0,0.0,1,0.006944444444444444,2026-01-15,"2026-01-15: 14,400"
FACT_PAYROLL,bank_txn_id,object,14400,14400,0,0.0,14400,100.0,BT-202401-970481150161 | BT-202401-1017087028732 | BT-202401-640578416876 | BT-202401-169444960010 | BT-202401-450190802220,BT-202401-970481150161: 1 | BT-202401-1017087028732: 1 | BT-202401-640578416876: 1 | BT-202401-169444960010: 1 | BT-202401-450190802220: 1
FACT_PAYROLL,business_event_date,object,14400,14400,0,0.0,24,0.16666666666666669,2024-01-31 | 2024-02-29 | 2024-03-31 | 2024-04-30 | 2024-05-31,2024-01-31: 600 | 2024-02-29: 600 | 2024-03-31: 600 | 2024-04-30: 600 | 2024-05-31: 600
FACT_PAYROLL,effective_date,float64,14400,0,14400,100.0,0,,,"<NULL>: 14,400"
FACT_PAYROLL,employee_id,object,14400,14400,0,0.0,600,4.166666666666666,EMP-L3-00001 | EMP-L3-00002 | EMP-L3-00003 | EMP-L3-00004 | EMP-L3-00005,EMP-L3-00001: 24 | EMP-L3-00002: 24 | EMP-L3-00003: 24 | EMP-L3-00004: 24 | EMP-L3-00005: 24
FACT_PAYROLL,employment_status_at_period_end,object,14400,14400,0,0.0,1,0.006944444444444444,active,"active: 14,400"
FACT_PAYROLL,gross_pay_thb,float64,14400,14400,0,0.0,1,0.006944444444444444,42000.0,"42000.0: 14,400"
FACT_PAYROLL,net_pay_thb,float64,14400,14400,0,0.0,1,0.006944444444444444,39150.0,"39150.0: 14,400"
FACT_PAYROLL,pay_period_end,object,14400,14400,0,0.0,24,0.16666666666666669,2024-01-31 | 2024-02-29 | 2024-03-31 | 2024-04-30 | 2024-05-31,2024-01-31: 600 | 2024-02-29: 600 | 2024-03-31: 600 | 2024-04-30: 600 | 2024-05-31: 600
FACT_PAYROLL,pay_period_start,object,14400,14400,0,0.0,24,0.16666666666666669,2024-01-01 | 2024-02-01 | 2024-03-01 | 2024-04-01 | 2024-05-01,2024-01-01: 600 | 2024-02-01: 600 | 2024-03-01: 600 | 2024-04-01: 600 | 2024-05-01: 600
FACT_PAYROLL,payroll_id,int64,14400,14400,0,0.0,14400,100.0,645538531784 | 798073329901 | 41892113256 | 620900430289 | 631621970851,645538531784: 1 | 798073329901: 1 | 41892113256: 1 | 620900430289: 1 | 631621970851: 1
FACT_PAYROLL,posting_date,object,14400,14400,0,0.0,24,0.16666666666666669,2024-01-31 | 2024-02-29 | 2024-03-31 | 2024-04-30 | 2024-05-31,2024-01-31: 600 | 2024-02-29: 600 | 2024-03-31: 600 | 2024-04-30: 600 | 2024-05-31: 600
FACT_PAYROLL,social_security_thb,float64,14400,14400,0,0.0,1,0.006944444444444444,750.0,"750.0: 14,400"
FACT_PAYROLL,tax_deduction_thb,float64,14400,14400,0,0.0,1,0.006944444444444444,2100.0,"2100.0: 14,400"
FACT_PROMO_REDEMPTION,as_of_date,object,1583,1583,0,0.0,1,0.06317119393556538,2026-01-15,"2026-01-15: 1,583"
FACT_PROMO_REDEMPTION,business_event_date,object,1583,1583,0,0.0,49,3.0953885028427037,2024-11-11 | 2024-11-12 | 2024-12-12 | 2024-12-13 | 2024-12-20,2025-11-10: 172 | 2025-12-11: 155 | 2024-11-12: 142 | 2025-11-11: 138 | 2024-12-13: 133
FACT_PROMO_REDEMPTION,campaign_id,object,1583,1583,0,0.0,7,0.4421983575489577,MEGA-1111-2567 | MEGA-1212-2567 | CLEAR-EOY-2567 | SF-LAUNCH-2568 | MEGA-1111-2568,MEGA-1111-2568: 442 | MEGA-1212-2568: 402 | MEGA-1111-2567: 267 | MEGA-1212-2567: 262 | CLEAR-EOY-2567: 87
FACT_PROMO_REDEMPTION,channel,object,1583,1583,0,0.0,3,0.18951358180669614,offline | online | app,"offline: 1,436 | online: 143 | app: 4"
FACT_PROMO_REDEMPTION,customer_id,object,1583,1583,0,0.0,1544,97.53632343651294,CUST-L3-000142 | CUST-L3-000842 | CUST-L3-001718 | CUST-L3-001743 | CUST-L3-002003,CUST-L3-015960: 2 | CUST-L3-009580: 2 | CUST-L3-001938: 2 | CUST-L3-022739: 2 | CUST-L3-020698: 2
FACT_PROMO_REDEMPTION,discount_applied_thb,float64,1583,1583,0,0.0,467,29.500947567909037,6708.0 | 2988.0 | 12660.0 | 3588.0 | 7296.0,5980.0: 40 | 1242.0: 38 | 10062.0: 36 | 2322.0: 36 | 4482.0: 35
FACT_PROMO_REDEMPTION,effective_date,float64,1583,0,1583,100.0,0,,,"<NULL>: 1,583"
FACT_PROMO_REDEMPTION,posting_date,object,1583,1583,0,0.0,49,3.0953885028427037,2024-11-11 | 2024-11-12 | 2024-12-12 | 2024-12-13 | 2024-12-20,2025-11-10: 172 | 2025-12-11: 155 | 2024-11-12: 142 | 2025-11-11: 138 | 2024-12-13: 133
FACT_PROMO_REDEMPTION,redemption_id,int64,1583,1583,0,0.0,1583,100.0,1054264194501 | 214237745109 | 178902817271 | 276901064448 | 717680921249,1054264194501: 1 | 214237745109: 1 | 178902817271: 1 | 276901064448: 1 | 717680921249: 1
FACT_PROMO_REDEMPTION,txn_id,object,1583,1583,0,0.0,1579,99.74731522425773,TXN-202411-11000142 | TXN-202411-11000842 | TXN-202411-11001718 | TXN-202411-11001743 | TXN-202411-11002003,TXN-202507-21020698: 2 | TXN-202507-31015960: 2 | TXN-202507-29013193: 2 | TXN-202507-15018876: 2 | TXN-202512-29009778: 1
FACT_REFUND_PAID,approver_employee_id,object,7134,7134,0,0.0,3,0.04205214465937763,EMP-L3-00005 | EMP-L3-00010 | EMP-L3-00008,"EMP-L3-00005: 7,116 | EMP-L3-00010: 14 | EMP-L3-00008: 4"
FACT_REFUND_PAID,as_of_date,object,7134,7134,0,0.0,1,0.014017381553125876,2026-01-15,"2026-01-15: 7,134"
FACT_REFUND_PAID,bank_txn_id,object,7134,7134,0,0.0,7134,100.0,BT-202401-595128288829 | BT-202401-411292455600 | BT-202401-243693540285 | BT-202401-102793555666 | BT-202401-570613792129,BT-202401-595128288829: 1 | BT-202401-411292455600: 1 | BT-202401-243693540285: 1 | BT-202401-102793555666: 1 | BT-202401-570613792129: 1
FACT_REFUND_PAID,business_event_date,object,7134,7134,0,0.0,725,10.16260162601626,2024-01-01 | 2024-01-02 | 2024-01-03 | 2024-01-04 | 2024-01-05,2024-08-08: 23 | 2025-05-17: 22 | 2024-11-25: 22 | 2025-10-02: 20 | 2024-03-17: 19
FACT_REFUND_PAID,cosig_employee_id,float64,7134,0,7134,100.0,0,,,"<NULL>: 7,134"
FACT_REFUND_PAID,cs_interaction_id,float64,7134,0,7134,100.0,0,,,"<NULL>: 7,134"
FACT_REFUND_PAID,customer_id,object,7134,7134,0,0.0,6313,88.49172974488366,CUST-L3-003586 | CUST-L3-006864 | CUST-L3-009523 | CUST-L3-011803 | CUST-L3-016943,CUST-L3-022795: 4 | CUST-L3-013929: 4 | CUST-L3-016587: 4 | CUST-L3-000475: 4 | CUST-L3-012380: 4
FACT_REFUND_PAID,effective_date,float64,7134,0,7134,100.0,0,,,"<NULL>: 7,134"
FACT_REFUND_PAID,posting_date,object,7134,7134,0,0.0,726,10.176619007569386,2024-01-01 | 2024-01-02 | 2024-01-03 | 2024-01-04 | 2024-01-05,2024-08-08: 23 | 2025-05-17: 22 | 2024-11-25: 22 | 2025-10-02: 20 | 2024-03-17: 19
FACT_REFUND_PAID,refund_amount_thb,float64,7134,7134,0,0.0,28,0.3924866834875245,16900.0 | 4900.0 | 8500.0 | 29900.0 | 6900.0,8500.0: 988 | 12900.0: 924 | 29900.0: 912 | 55900.0: 863 | 4900.0: 854
FACT_REFUND_PAID,refund_id,object,7134,7134,0,0.0,7134,100.0,RFD-202401-01003586 | RFD-202401-01006864 | RFD-202401-01009523 | RFD-202401-01011803 | RFD-202401-01016943,RFD-202401-01003586: 1 | RFD-202401-01006864: 1 | RFD-202401-01009523: 1 | RFD-202401-01011803: 1 | RFD-202401-01016943: 1
FACT_REFUND_PAID,request_date,object,7134,7134,0,0.0,725,10.16260162601626,2024-01-01 | 2024-01-02 | 2024-01-03 | 2024-01-04 | 2024-01-05,2024-08-08: 23 | 2025-05-17: 22 | 2024-11-25: 22 | 2025-10-02: 20 | 2024-03-17: 19
FACT_REFUND_PAID,return_id,object,7134,7116,18,0.2523128679562658,7116,100.0,RET-202401-01003586 | RET-202401-01006864 | RET-202401-01009523 | RET-202401-01011803 | RET-202401-01016943,<NULL>: 18 | RET-202401-03016424: 1 | RET-202512-30022497: 1 | RET-202512-30020786: 1 | RET-202401-02008357: 1
FACT_RETURN,approved_by_employee_id,object,7144,7144,0,0.0,2,0.027995520716685332,EMP-L3-00005 | EMP-L3-00010,"EMP-L3-00005: 7,080 | EMP-L3-00010: 64"
FACT_RETURN,as_of_date,object,7144,7144,0,0.0,1,0.013997760358342666,2026-01-15,"2026-01-15: 7,144"
FACT_RETURN,branch_code,object,7144,7144,0,0.0,11,0.1539753639417693,CNX-MAYA | BKK-R9 | BKK-CTW | HKT-FEST | BKK-SIAM,"BKK-SIAM: 1,135 | BKK-CTW: 872 | BKK-EMSP: 723 | BKK-PKT: 721 | PTY-CTRL: 644"
FACT_RETURN,business_event_date,object,7144,7144,0,0.0,726,10.162374020156776,2024-01-01 | 2024-01-02 | 2024-01-03 | 2024-01-04 | 2024-01-05,2024-08-08: 23 | 2025-05-17: 22 | 2024-11-25: 22 | 2025-10-02: 20 | 2024-03-17: 19
FACT_RETURN,customer_id,object,7144,7144,0,0.0,6320,88.46584546472565,CUST-L3-003586 | CUST-L3-006864 | CUST-L3-009523 | CUST-L3-011803 | CUST-L3-016943,CUST-L3-016587: 4 | CUST-L3-022795: 4 | CUST-L3-013929: 4 | CUST-L3-000475: 4 | CUST-L3-012380: 4
FACT_RETURN,days_since_purchase,int64,7144,7144,0,0.0,3,0.04199328107502799,0 | 10 | 180,"0: 7,080 | 180: 36 | 10: 28"
FACT_RETURN,effective_date,float64,7144,0,7144,100.0,0,,,"<NULL>: 7,144"
FACT_RETURN,line_item_id,string,7144,7080,64,0.8958566629339306,7080,100.0,1095040358832 | 765330256182 | 948192875914 | 221155136135 | 31405308517,<NULL>: 64 | 891223879856: 1 | 339479292289: 1 | 111973792794: 1 | 221945117642: 1
FACT_RETURN,original_txn_id,object,7144,7144,0,0.0,7138,99.91601343784995,TXN-202401-01003586 | TXN-202401-01006864 | TXN-202401-01009523 | TXN-202401-01011803 | TXN-202401-01016943,TXN-202401-11002211: 2 | TXN-202401-09025604: 2 | TXN-202401-02015209: 2 | TXN-202401-10017473: 2 | TXN-202401-11004196: 2
FACT_RETURN,posting_date,object,7144,7144,0,0.0,726,10.162374020156776,2024-01-01 | 2024-01-02 | 2024-01-03 | 2024-01-04 | 2024-01-05,2024-08-08: 23 | 2025-05-17: 22 | 2024-11-25: 22 | 2025-10-02: 20 | 2024-03-17: 19
FACT_RETURN,return_amount_thb,float64,7144,7144,0,0.0,13,0.18197088465845465,16900.0 | 4900.0 | 8500.0 | 29900.0 | 6900.0,8500.0: 988 | 12900.0: 924 | 29900.0: 912 | 55900.0: 863 | 4900.0: 854
FACT_RETURN,return_id,object,7144,7144,0,0.0,7144,100.0,RET-202401-01003586 | RET-202401-01006864 | RET-202401-01009523 | RET-202401-01011803 | RET-202401-01016943,RET-202401-01003586: 1 | RET-202401-01006864: 1 | RET-202401-01009523: 1 | RET-202401-01011803: 1 | RET-202401-01016943: 1
FACT_RETURN,return_reason,object,7144,7144,0,0.0,3,0.04199328107502799,"customer_change_of_mind | hardware batch defect — WK-SW-004 Watch S3 SE batch (HDY cluster, impl-routed via HKT-FEST) | vendor recall — V-002 NovaTech battery","customer_change_of_mind: 7,080 | vendor recall — V-002 NovaTech battery: 36 | hardware batch defect — WK-SW-004 Watch S3 SE batch (HDY cluster, impl-routed via HKT-FEST): 28"
FACT_RETURN,sku_id,object,7144,7144,0,0.0,110,1.5397536394176932,AW-MN-001 | SKU-MASS-062 | SKU-MASS-024 | SKU-MASS-049 | SKU-MASS-084,NT-LT-001: 98 | SKU-MASS-016: 94 | SKU-MASS-024: 90 | SKU-MASS-096: 85 | WK-SW-004: 84
FACT_SALES,as_of_date,object,117105,117105,0,0.0,1,0.0008539345032236027,2026-01-15,"2026-01-15: 117,105"
FACT_SALES,basket_total_thb,float64,117105,117105,0,0.0,3572,3.050254045514709,68800.0 | 24900.0 | 8500.0 | 18900.0 | 55900.0,"12900.0: 7,574 | 6900.0: 7,205 | 8500.0: 7,172 | 55900.0: 7,144 | 4900.0: 7,118"
FACT_SALES,branch_code,object,117105,117105,0,0.0,11,0.00939327953545963,BKK-PKT | HKT-FEST | BKK-EMSP | BKK-SIAM | PTY-CTRL,"BKK-SIAM: 18,084 | BKK-CTW: 13,595 | REMOTE: 12,655 | BKK-EMSP: 11,376 | BKK-PKT: 11,150"
FACT_SALES,business_event_date,object,117105,117105,0,0.0,731,0.6242261218564537,2024-01-01 | 2024-01-02 | 2024-01-03 | 2024-01-04 | 2024-01-05,2025-07-15: 687 | 2025-07-06: 423 | 2025-07-11: 393 | 2025-07-14: 393 | 2025-07-13: 392
FACT_SALES,channel,object,117105,117105,0,0.0,3,0.0025618035096708082,offline | online | b2b,"offline: 104,449 | online: 12,655 | b2b: 1"
FACT_SALES,customer_id,object,117105,17912,99193,84.70432517825883,500,2.7914247431889234,CUST-L3-B2B-001700 | CUST-L3-B2B-004800 | CUST-L3-B2B-006200 | CUST-L3-B2B-006500 | CUST-L3-B2B-006900,"<NULL>: 99,193 | CUST-L3-B2B-002600: 77 | CUST-L3-B2B-020000: 66 | CUST-L3-B2B-013300: 63 | CUST-L3-B2B-025900: 62"
FACT_SALES,discount_total_thb,float64,117105,117105,0,0.0,750,0.6404508774177021,0.0 | 6708.0 | 37644.0 | 2988.0 | 12660.0,"0.0: 111,537 | 1945.0: 3,707 | 5980.0: 40 | 1242.0: 38 | 10062.0: 36"
FACT_SALES,effective_date,float64,117105,0,117105,100.0,0,,,"<NULL>: 117,105"
FACT_SALES,employee_id,object,117105,3693,113412,96.84641987959523,2,0.05415651232060655,EMP-L3-00011 | EMP-L3-00002,"<NULL>: 113,412 | EMP-L3-00011: 3,692 | EMP-L3-00002: 1"
FACT_SALES,is_b2b,bool,117105,117105,0,0.0,2,0.0017078690064472055,False | True,"False: 102,885 | True: 14,220"
FACT_SALES,net_total_thb,float64,117105,117105,0,0.0,4272,3.6480081977712313,68800.0 | 24900.0 | 8500.0 | 18900.0 | 55900.0,"12900.0: 7,468 | 6900.0: 7,105 | 8500.0: 7,077 | 4900.0: 7,039 | 55900.0: 7,030"
FACT_SALES,payment_due_date,object,117105,14220,102885,87.85705136416037,761,5.351617440225035,2024-01-31 | 2024-03-01 | 2024-02-01 | 2024-03-02 | 2024-02-02,"<NULL>: 102,885 | 2025-11-16: 32 | 2024-03-22: 31 | 2025-04-26: 31 | 2024-03-04: 31"
FACT_SALES,payment_method,object,117105,117105,0,0.0,6,0.0051236070193416165,mobile_wallet | cash | credit_card | debit_card | bank_transfer,"credit_card: 35,445 | cash: 31,663 | mobile_wallet: 21,186 | debit_card: 14,591 | bank_transfer: 14,219"
FACT_SALES,payment_received_date,object,117105,13813,103292,88.20460270697238,701,5.074929414319844,2024-01-31 | 2024-03-01 | 2024-02-09 | 2024-03-13 | 2024-03-08,"<NULL>: 103,292 | 2025-07-15: 516 | 2025-10-05: 32 | 2024-10-11: 32 | 2024-12-06: 32"
FACT_SALES,payment_status,object,117105,117105,0,0.0,2,0.0017078690064472055,paid | pending,"paid: 113,006 | pending: 4,099"
FACT_SALES,posting_date,object,117105,117105,0,0.0,731,0.6242261218564537,2024-01-01 | 2024-01-02 | 2024-01-03 | 2024-01-04 | 2024-01-05,2025-07-15: 687 | 2025-07-06: 423 | 2025-07-11: 393 | 2025-07-14: 393 | 2025-07-13: 392
FACT_SALES,promo_campaign_id,object,117105,5568,111537,95.24529268605097,7,0.1257183908045977,MEGA-1111-2567 | MEGA-1212-2567 | CLEAR-EOY-2567 | SF-LAUNCH-2568 | MEGA-1111-2568,"<NULL>: 111,537 | SF-LAUNCH-2568: 3,749 | MEGA-1111-2568: 497 | MEGA-1212-2568: 464 | MEGA-1212-2567: 300"
FACT_SALES,retry_idempotency_marker,float64,117105,0,117105,100.0,0,,,"<NULL>: 117,105"
FACT_SALES,schema_version,int64,117105,117105,0,0.0,2,0.0017078690064472055,1 | 2,"1: 70,495 | 2: 46,610"
FACT_SALES,settlement_bank_txn_id,object,117105,13313,103792,88.63156995858418,13313,100.0,BT-202401-907760800316 | BT-202403-444299022868 | BT-202403-646299011886 | BT-202401-993629942321 | BT-202402-779640101900,"<NULL>: 103,792 | BT-202401-907760800316: 1 | BT-202403-444299022868: 1 | BT-202403-646299011886: 1 | BT-202401-993629942321: 1"
FACT_SALES,shipping_charge_thb,float64,117105,117105,0,0.0,1,0.0008539345032236027,0.0,"0.0: 117,105"
FACT_SALES,shipping_method,object,117105,117105,0,0.0,3,0.0025618035096708082,standard | express | enterprise_fleet,"standard: 108,141 | express: 8,963 | enterprise_fleet: 1"
FACT_SALES,txn_id,object,117105,117105,0,0.0,117105,100.0,TXN-202401-01000002 | TXN-202401-01000422 | TXN-202401-01000462 | TXN-202401-01000479 | TXN-202401-01000697,TXN-202401-01000002: 1 | TXN-202401-01000422: 1 | TXN-202401-01000462: 1 | TXN-202401-01000479: 1 | TXN-202401-01000697: 1
FACT_SALES,web_log_line_id,object,117105,8963,108142,92.34618504760684,8963,100.0,web_20240101.jsonl:line6 | web_20240101.jsonl:line12 | web_20240101.jsonl:line18 | web_20240101.jsonl:line24 | web_20240101.jsonl:line30,"<NULL>: 108,142 | web_20240101.jsonl:line6: 1 | web_20240101.jsonl:line12: 1 | web_20240101.jsonl:line18: 1 | web_20240101.jsonl:line24: 1"
FACT_SALES_LINE_ITEM,as_of_date,object,309129,309129,0,0.0,1,0.00032348954643530693,2026-01-15,"2026-01-15: 309,129"
FACT_SALES_LINE_ITEM,business_event_date,object,309129,309129,0,0.0,731,0.23647085844420937,2024-01-01 | 2024-01-02 | 2024-01-03 | 2024-01-04 | 2024-01-05,2025-12-18: 995 | 2025-07-15: 956 | 2025-07-06: 700 | 2025-07-05: 685 | 2025-07-12: 679
FACT_SALES_LINE_ITEM,effective_date,float64,309129,0,309129,100.0,0,,,"<NULL>: 309,129"
FACT_SALES_LINE_ITEM,is_care_plus,bool,309129,309129,0,0.0,1,0.00032348954643530693,False,"False: 309,129"
FACT_SALES_LINE_ITEM,line_discount_thb,float64,309129,309129,0,0.0,1,0.00032348954643530693,0.0,"0.0: 309,129"
FACT_SALES_LINE_ITEM,line_item_id,string,309129,309129,0,0.0,309129,100.0,971250668613 | 437759779474 | 579825172517 | 179641061734 | 743656068518,971250668613: 1 | 437759779474: 1 | 579825172517: 1 | 179641061734: 1 | 743656068518: 1
FACT_SALES_LINE_ITEM,line_total_thb,float64,309129,309129,0,0.0,14,0.004528853650094297,55900.0 | 12900.0 | 24900.0 | 8500.0 | 18900.0,"12900.0: 39,075 | 29900.0: 36,522 | 8500.0: 36,438 | 55900.0: 36,430 | 4900.0: 36,388"
FACT_SALES_LINE_ITEM,pos_log_line_id,object,309129,160321,148808,48.137832425945156,160321,100.0,pos_BKK-PKT_20240101.tsv:line2 | pos_BKK-PKT_20240101.tsv:line3 | pos_HKT-FEST_20240101.tsv:line2 | pos_BKK-EMSP_20240101.tsv:line2 | pos_BKK-EMSP_20240101.tsv:line3,"<NULL>: 148,808 | pos_BKK-SIAM_20251231.tsv:line48: 1 | pos_BKK-PKT_20251231.tsv:line21: 1 | pos_BKK-PKT_20251231.tsv:line18: 1 | pos_BKK-PKT_20251231.tsv:line19: 1"
FACT_SALES_LINE_ITEM,posting_date,object,309129,309129,0,0.0,731,0.23647085844420937,2024-01-01 | 2024-01-02 | 2024-01-03 | 2024-01-04 | 2024-01-05,2025-12-18: 995 | 2025-07-15: 956 | 2025-07-06: 700 | 2025-07-05: 685 | 2025-07-12: 679
FACT_SALES_LINE_ITEM,quantity,int64,309129,309129,0,0.0,1,0.00032348954643530693,1,"1: 309,129"
FACT_SALES_LINE_ITEM,sku_id,object,309129,309129,0,0.0,110,0.035583850107883765,SKU-MASS-059 | SKU-MASS-007 | SKU-MASS-010 | SKU-MASS-048 | SKU-MASS-029,"SF-Galaxy-Pro-2568: 4,370 | NT-LT-001: 3,383 | SKU-MASS-086: 2,939 | SKU-MASS-049: 2,892 | SKU-MASS-040: 2,887"
FACT_SALES_LINE_ITEM,txn_id,object,309129,309129,0,0.0,117105,37.88224333530662,TXN-202401-01000002 | TXN-202401-01000422 | TXN-202401-01000462 | TXN-202401-01000479 | TXN-202401-01000697,TXN-CL-L5-40298991: 620 | TXN-202401-23012800: 15 | TXN-202508-26016900: 15 | TXN-202510-05027900: 15 | TXN-202412-14011800: 15
FACT_SALES_LINE_ITEM,unit_price_thb,float64,309129,309129,0,0.0,14,0.004528853650094297,55900.0 | 12900.0 | 24900.0 | 8500.0 | 18900.0,"12900.0: 39,075 | 29900.0: 36,522 | 8500.0: 36,438 | 55900.0: 36,430 | 4900.0: 36,388"
FACT_SHIPPING,as_of_date,object,23182,23182,0,0.0,1,0.004313691657320335,2026-01-15,"2026-01-15: 23,182"
FACT_SHIPPING,business_event_date,object,23182,23182,0,0.0,731,3.1533086015011644,2024-01-01 | 2024-01-02 | 2024-01-03 | 2024-01-04 | 2024-01-05,2024-09-02: 54 | 2024-06-03: 48 | 2025-10-17: 48 | 2024-04-06: 47 | 2024-12-29: 47
FACT_SHIPPING,confirmation_status,object,23182,23182,0,0.0,1,0.004313691657320335,shipped,"shipped: 23,182"
FACT_SHIPPING,destination_province,object,23182,23182,0,0.0,6,0.025882149943922007,Bangkok | Chonburi | Udon Thani | Chiang Mai | Phuket,"Bangkok: 17,610 | Chonburi: 1,399 | Chiang Mai: 1,390 | Phuket: 1,070 | Khon Kaen: 918"
FACT_SHIPPING,effective_date,float64,23182,0,23182,100.0,0,,,"<NULL>: 23,182"
FACT_SHIPPING,origin_branch_code,object,23182,23182,0,0.0,11,0.04745060823052368,BKK-EMSP | REMOTE | BKK-SIAM | PTY-CTRL | BKK-PKT,"REMOTE: 8,963 | BKK-SIAM: 2,478 | BKK-CTW: 1,812 | BKK-PKT: 1,611 | BKK-EMSP: 1,548"
FACT_SHIPPING,posting_date,object,23182,23182,0,0.0,731,3.1533086015011644,2024-01-01 | 2024-01-02 | 2024-01-03 | 2024-01-04 | 2024-01-05,2024-09-02: 54 | 2025-10-17: 48 | 2024-06-03: 48 | 2024-04-06: 47 | 2024-12-29: 47
FACT_SHIPPING,shipping_id,int64,23182,23182,0,0.0,23182,100.0,986935662087 | 1023045785660 | 280790720017 | 83127274192 | 1064834398659,986935662087: 1 | 1023045785660: 1 | 280790720017: 1 | 83127274192: 1 | 1064834398659: 1
FACT_SHIPPING,tracking_number,object,23182,23182,0,0.0,23148,99.85333448365111,VS256701016585 | VS256701017552 | VS256701016670 | VS256701019062 | VS256701014785,VS256712183529: 2 | VS256708272879: 2 | VS256702263285: 2 | VS256711066369: 2 | VS256703208599: 2
FACT_SHIPPING,txn_id,object,23182,23182,0,0.0,23182,100.0,TXN-202401-01001700 | TXN-202401-01002901 | TXN-202401-01004439 | TXN-202401-01004800 | TXN-202401-01005163,TXN-202401-01001700: 1 | TXN-202401-01002901: 1 | TXN-202401-01004439: 1 | TXN-202401-01004800: 1 | TXN-202401-01005163: 1
FACT_SHIPPING,vendor_id,object,23182,23182,0,0.0,1,0.004313691657320335,V-006,"V-006: 23,182"
FACT_VENDOR_PAYMENT,as_of_date,object,809,809,0,0.0,1,0.12360939431396785,2026-01-15,2026-01-15: 809
FACT_VENDOR_PAYMENT,bank_txn_id,object,809,809,0,0.0,809,100.0,BT-202401-160695623562 | BT-202401-245384114094 | BT-202401-114016678594 | BT-202401-788599466404 | BT-202401-627319780108,BT-202401-160695623562: 1 | BT-202401-245384114094: 1 | BT-202401-114016678594: 1 | BT-202401-788599466404: 1 | BT-202401-627319780108: 1
FACT_VENDOR_PAYMENT,business_event_date,object,809,809,0,0.0,32,3.955500618046971,2024-01-01 | 2024-01-31 | 2024-02-29 | 2024-03-31 | 2024-04-30,2025-02-28: 35 | 2024-07-31: 34 | 2024-12-31: 34 | 2024-10-31: 34 | 2025-06-30: 34
FACT_VENDOR_PAYMENT,cosig_employee_id,object,809,1,808,99.87639060568603,1,100.0,EMP-L3-00001,<NULL>: 808 | EMP-L3-00001: 1
FACT_VENDOR_PAYMENT,effective_date,float64,809,0,809,100.0,0,,,<NULL>: 809
FACT_VENDOR_PAYMENT,invoice_period_end,object,809,809,0,0.0,31,3.8318912237330034,2023-12-31 | 2024-01-31 | 2024-02-29 | 2024-03-31 | 2024-04-30,2025-02-28: 35 | 2024-10-31: 34 | 2024-07-31: 34 | 2025-03-31: 34 | 2025-04-30: 34
FACT_VENDOR_PAYMENT,invoice_period_start,object,809,809,0,0.0,32,3.955500618046971,2023-12-01 | 2024-01-01 | 2024-02-01 | 2024-03-01 | 2024-04-01,2024-07-01: 34 | 2024-10-01: 34 | 2024-12-01: 34 | 2025-08-01: 34 | 2025-06-01: 34
FACT_VENDOR_PAYMENT,paid_amount_thb,float64,809,809,0,0.0,22,2.719406674907293,85000.0 | 42000.0 | 18500.0 | 16800.0 | 12500.0,85000.0: 193 | 42000.0: 192 | 18500.0: 192 | 16800.0: 120 | 19200.0: 72
FACT_VENDOR_PAYMENT,payment_id,object,809,809,0,0.0,809,100.0,VP-202401-8584003 | VP-202401-14427228 | VP-202401-13226606 | VP-202401-11818583 | VP-202401-11214155,VP-202401-8584003: 1 | VP-202401-14427228: 1 | VP-202401-13226606: 1 | VP-202401-11818583: 1 | VP-202401-11214155: 1
FACT_VENDOR_PAYMENT,posting_date,object,809,809,0,0.0,228,28.182941903584673,2024-01-01 | 2024-01-04 | 2024-01-08 | 2024-01-11 | 2024-01-15,2024-11-22: 5 | 2024-10-15: 5 | 2025-03-11: 5 | 2025-01-22: 5 | 2024-01-15: 4
FACT_VENDOR_PAYMENT,request_date,object,809,809,0,0.0,220,27.19406674907293,2024-01-01 | 2024-01-04 | 2024-01-08 | 2024-01-11 | 2024-01-15,2024-10-15: 5 | 2024-08-01: 5 | 2024-11-01: 5 | 2025-10-01: 5 | 2025-07-01: 5
FACT_VENDOR_PAYMENT,signing_employee_id,object,809,809,0,0.0,2,0.2472187886279357,EMP-L3-00005 | EMP-L3-00008,EMP-L3-00005: 801 | EMP-L3-00008: 8
FACT_VENDOR_PAYMENT,vendor_contract_version_id,int64,809,809,0,0.0,21,2.595797280593325,13 | 5 | 9 | 17 | 1,5: 144 | 13: 72 | 17: 72 | 10: 72 | 9: 56
FACT_VENDOR_PAYMENT,vendor_id,object,809,809,0,0.0,6,0.7416563658838072,V-001 | V-002 | V-006 | V-014 | V-013,V-001: 192 | V-002: 192 | V-006: 192 | V-014: 120 | V-018: 72
FACT_VENDOR_PAYMENT,vendor_invoice_id,object,809,809,0,0.0,808,99.87639060568603,V-001-INV-2567-180460 | V-002-INV-2567-537043 | V-006-INV-2567-647668 | V-014-INV-2567-775657 | V-001-INV-2567-201847,PW-INV-2568-04823: 2 | V-001-INV-2568-80261: 1 | V-001-INV-2567-499067: 1 | V-013-INV-2568-1035063: 1 | V-001-INV-2567-180460: 1
FACT_WARRANTY_CLAIM,as_of_date,object,3973,3973,0,0.0,1,0.025169896803423106,2026-01-15,"2026-01-15: 3,973"
FACT_WARRANTY_CLAIM,business_event_date,object,3973,3973,0,0.0,725,18.248175182481752,2024-01-01 | 2024-01-02 | 2024-01-03 | 2024-01-04 | 2024-01-05,2024-10-29: 13 | 2025-11-19: 12 | 2025-12-11: 12 | 2024-08-25: 12 | 2024-06-21: 12
FACT_WARRANTY_CLAIM,claim_amount_thb,float64,3973,35,3938,99.11905361188019,1,2.857142857142857,16900.0,"<NULL>: 3,938 | 16900.0: 35"
FACT_WARRANTY_CLAIM,claim_id,object,3973,3973,0,0.0,3973,100.0,WC-202401-01009861 | WC-202401-01029212 | WC-202401-02002376 | WC-202401-02003648 | WC-202401-02004990,WC-202401-01009861: 1 | WC-202401-01029212: 1 | WC-202401-02002376: 1 | WC-202401-02003648: 1 | WC-202401-02004990: 1
FACT_WARRANTY_CLAIM,claim_reason,object,3973,3973,0,0.0,3,0.07550969041026932,defect | vendor batch defect (V-004-MON-BATCH-2567-Q4-001) — AW-MN-001 ArcWave ProView 27 4K monitor | battery swelling concern — NT-LT-001 (pre-recall signal),"defect: 3,913 | vendor batch defect (V-004-MON-BATCH-2567-Q4-001) — AW-MN-001 ArcWave ProView 27 4K monitor: 35 | battery swelling concern — NT-LT-001 (pre-recall signal): 25"
FACT_WARRANTY_CLAIM,customer_id,object,3973,3973,0,0.0,3736,94.03473445758873,CUST-L3-009861 | CUST-L3-029212 | CUST-L3-002376 | CUST-L3-003648 | CUST-L3-004990,CUST-L3-000022: 3 | CUST-L3-024756: 3 | CUST-L3-000184: 3 | CUST-L3-025786: 3 | CUST-L3-025107: 3
FACT_WARRANTY_CLAIM,effective_date,float64,3973,0,3973,100.0,0,,,"<NULL>: 3,973"
FACT_WARRANTY_CLAIM,original_txn_id,object,3973,3913,60,1.5101938082053865,3913,100.0,TXN-202401-01009861 | TXN-202401-01029212 | TXN-202401-02002376 | TXN-202401-02003648 | TXN-202401-02004990,<NULL>: 60 | TXN-202512-27013952: 1 | TXN-202401-07001478: 1 | TXN-202512-29015470: 1 | TXN-202512-29014701: 1
FACT_WARRANTY_CLAIM,posting_date,object,3973,3973,0,0.0,725,18.248175182481752,2024-01-01 | 2024-01-02 | 2024-01-03 | 2024-01-04 | 2024-01-05,2024-10-29: 13 | 2025-11-19: 12 | 2025-12-11: 12 | 2024-08-25: 12 | 2024-06-21: 12
FACT_WARRANTY_CLAIM,resolution_type,object,3973,3973,0,0.0,2,0.05033979360684621,pending | approved,"pending: 3,938 | approved: 35"
FACT_WARRANTY_CLAIM,routing_destination,object,3973,3973,0,0.0,2,0.05033979360684621,fahmai_cs | novatech_service,"fahmai_cs: 3,948 | novatech_service: 25"
FACT_WARRANTY_CLAIM,sku_id,object,3973,3973,0,0.0,110,2.768688648376542,SKU-MASS-073 | SKU-MASS-030 | SKU-MASS-022 | SKU-MASS-061 | SKU-MASS-104,AW-MN-001: 71 | NT-LT-001: 58 | SKU-MASS-073: 52 | SKU-MASS-011: 52 | SKU-MASS-110: 47
T2_DOC_INVENTORY,body_source,object,81,81,0,0.0,81,100.0,POL-001.md | POL-002.md | POL-003.md | POL-004.md | POL-005.md,POL-001.md: 1 | POL-002.md: 1 | POL-003.md: 1 | POL-004.md: 1 | POL-005.md: 1
T2_DOC_INVENTORY,doc_id,object,81,81,0,0.0,81,100.0,POL-001 | POL-002 | POL-003 | POL-004 | POL-005,POL-001: 1 | POL-002: 1 | POL-003: 1 | POL-004: 1 | POL-005: 1
T2_DOC_INVENTORY,doc_kind,object,81,81,0,0.0,6,7.4074074074074066,policy_doc | vendor_contract | memo_announcement | training_material | audit_report,memo_announcement: 28 | vendor_contract: 22 | policy_doc: 12 | email_discrete: 12 | training_material: 5
T2_DOC_INVENTORY,issue_date,object,81,81,0,0.0,50,61.72839506172839,2024-01-01 | 2025-03-01 | 2025-04-01 | 2025-02-15 | 2025-05-01,2024-01-01: 10 | 2025-04-01: 8 | 2025-06-01: 3 | 2025-05-01: 3 | 2025-10-01: 3
T2_DOC_INVENTORY,source_pk,string,81,81,0,0.0,69,85.18518518518519,1 | 2 | 3 | 4 | 5,1: 2 | 2: 2 | 3: 2 | 4: 2 | 5: 2
T2_DOC_INVENTORY,source_table,object,81,81,0,0.0,3,3.7037037037037033,DIM_POLICY_VERSION | DIM_VENDOR_CONTRACT_VERSION | T2_DOC_INVENTORY,T2_DOC_INVENTORY: 47 | DIM_VENDOR_CONTRACT_VERSION: 22 | DIM_POLICY_VERSION: 12
T2_DOC_INVENTORY,template_name,object,81,81,0,0.0,6,7.4074074074074066,policy_doc | vendor_contract | memo_announcement | training_material | audit_report,memo_announcement: 28 | vendor_contract: 22 | policy_doc: 12 | email_discrete: 12 | training_material: 5
dim_care_plus_sku_tier,care_plus_price_thb,float64,2,2,0,0.0,2,100.0,3490.0 | 3990.0,3490.0: 1 | 3990.0: 1
dim_care_plus_sku_tier,coverage_months,int64,2,2,0,0.0,2,100.0,24 | 36,24: 1 | 36: 1
dim_care_plus_sku_tier,description_th,object,2,2,0,0.0,2,100.0,Care+ flagship smartphone tier | Care+ flagship laptop tier,Care+ flagship smartphone tier: 1 | Care+ flagship laptop tier: 1
dim_care_plus_sku_tier,policy_version_id,int64,2,2,0,0.0,1,50.0,7,7: 2
dim_care_plus_sku_tier,sku_category,float64,2,0,2,100.0,0,,,<NULL>: 2
dim_care_plus_sku_tier,sku_id,object,2,2,0,0.0,2,100.0,SF-Galaxy-Pro-2568 | NT-LT-001,SF-Galaxy-Pro-2568: 1 | NT-LT-001: 1
dim_care_plus_sku_tier,tier_row_id,int64,2,2,0,0.0,2,100.0,1 | 2,1: 1 | 2: 1
dim_product_recall_history,history_id,int64,3,3,0,0.0,3,100.0,1 | 2 | 3,1: 1 | 2: 1 | 3: 1
dim_product_recall_history,sku_id,object,3,3,0,0.0,1,33.33333333333333,NT-LT-001,NT-LT-001: 3
dim_product_recall_history,status,object,3,3,0,0.0,3,100.0,normal | active | completed,normal: 1 | active: 1 | completed: 1
dim_product_recall_history,transition_date,object,3,3,0,0.0,3,100.0,2024-01-01 | 2025-09-10 | 2025-10-15,2024-01-01: 1 | 2025-09-10: 1 | 2025-10-15: 1
dim_promo_mechanic,campaign_id,object,8,8,0,0.0,7,87.5,SF-LAUNCH-2568 | MEGA-1111-2567 | MEGA-1212-2567 | MEGA-1111-2568 | MEGA-1212-2568,SF-LAUNCH-2568: 2 | MEGA-1111-2567: 1 | MEGA-1212-2567: 1 | MEGA-1111-2568: 1 | MEGA-1212-2568: 1
dim_promo_mechanic,description_th,object,8,8,0,0.0,7,87.5,5 percent off launch units | Double loyalty points | 11.11 มหกรรม ลด 12% | 12.12 มหกรรม ลด 15% | 11.11 มหกรรม ลด 18%,เคลียร์สต็อกสิ้นปี ลด 30%: 2 | Double loyalty points: 1 | 5 percent off launch units: 1 | 11.11 มหกรรม ลด 12%: 1 | 12.12 มหกรรม ลด 15%: 1
dim_promo_mechanic,discount_type,object,8,8,0,0.0,2,25.0,pct_off | point_multiplier,pct_off: 7 | point_multiplier: 1
dim_promo_mechanic,discount_value,float64,8,7,1,12.5,6,85.71428571428571,0.05 | 0.12 | 0.15 | 0.18 | 0.2,0.3: 2 | <NULL>: 1 | 0.05: 1 | 0.12: 1 | 0.15: 1
dim_promo_mechanic,min_basket_thb,float64,8,0,8,100.0,0,,,<NULL>: 8
dim_promo_mechanic,point_multiplier,float64,8,1,7,87.5,1,100.0,2.0,<NULL>: 7 | 2.0: 1
dim_promo_mechanic,promo_mechanic_id,int64,8,8,0,0.0,8,100.0,1 | 2 | 3 | 4 | 5,1: 1 | 2: 1 | 3: 1 | 4: 1 | 5: 1
dim_signing_authority_ladder,amount_ceiling_thb,float64,7,7,0,0.0,5,71.42857142857143,0.0 | 100000.0 | 5000.0 | 500000.0 | 5000000.0,0.0: 2 | 100000.0: 2 | 5000.0: 1 | 500000.0: 1 | 5000000.0: 1
dim_signing_authority_ladder,co_signer_min_position_level_code,object,7,2,5,71.42857142857143,1,50.0,Manager,<NULL>: 5 | Manager: 2
dim_signing_authority_ladder,dept_code,object,7,1,6,85.71428571428571,1,100.0,SUP,<NULL>: 6 | SUP: 1
dim_signing_authority_ladder,description_th,object,7,7,0,0.0,1,14.285714285714285,smoke approval ladder row,smoke approval ladder row: 7
dim_signing_authority_ladder,ladder_row_id,int64,7,7,0,0.0,7,100.0,1 | 2 | 3 | 4 | 5,1: 1 | 2: 1 | 3: 1 | 4: 1 | 5: 1
dim_signing_authority_ladder,min_co_signers,int64,7,7,0,0.0,2,28.57142857142857,1 | 0,0: 5 | 1: 2
dim_signing_authority_ladder,policy_version_id,int64,7,7,0,0.0,2,28.57142857142857,5 | 6,6: 5 | 5: 2
dim_signing_authority_ladder,position_level_code,object,7,7,0,0.0,4,57.14285714285714,IC | Manager | Director | C-level,IC: 3 | Manager: 2 | Director: 1 | C-level: 1
