window_start_ts,window_end_ts,session_id,class,label,source,svm_mean,svm_std,svm_max,svm_min,jerk_mean,jerk_std,jerk_max,jerk_min,KII_mean,KII_std,KII_max,KII_min,omega_mean,omega_std,omega_max,omega_min,theta_mean,theta_std,theta_max,theta_min,theta_range,jerk_energy,free_fall_n,impact_n,high_rot_n,svm_dev_mean,press_delta,mic_p2p_max,mic_p2p_mean,GSI,jerk_sparsity,angular_impulse,press_slope,hr_mean,hr_max,hr_delta,hr_spike,spo2_min,spo2_mean,rmssd,sdnn,hr_accel,osi,css_max,css_mean,fcri,class_en,category
2026-05-05T17:25:00+07:00,2026-05-05T17:25:01.950000+07:00,ล้มไ_00_orig,ล้มไปด้านหลัง,1,original,0.9973,0.0477,1.0755,0.918,1.6878,0.6549,3.2733,0.0,2.7693,1.1048,5.7227,0.0,28.8244,10.5936,47.8345,10.4558,103.9527,2.9247,109.3523,98.8234,10.529,3.2668,0,0,0,0.0402,0.001,632.2,487.8,0.9519,0.0,57.649,-0.000726,84.4,84.5,0.2,0.1,97.2,98.0,3.62,0.47,0.085,0.0173,0.0023,0.0008,0.296,backward_fall,fall
2026-05-05T17:25:00.500000+07:00,2026-05-05T17:25:02.450000+07:00,ล้มไ_00_orig,ล้มไปด้านหลัง,1,original,0.9971,0.0462,1.0641,0.916,1.7676,0.5319,3.2733,0.3699,2.8564,0.8815,4.7128,0.6046,28.3067,10.579,48.9523,10.4558,103.7841,2.959,108.6299,98.8234,9.806,3.4004,0,0,0,0.0378,0.0,623.2,492.7,0.9531,0.0,56.613,-0.00146,84.4,84.5,0.1,0.1,97.2,98.0,2.56,0.39,0.07,0.0093,0.0026,0.0013,0.2932,backward_fall,fall
2026-05-05T17:25:01+07:00,2026-05-05T17:25:02.950000+07:00,ล้มไ_00_orig,ล้มไปด้านหลัง,1,original,0.9953,0.0431,1.063,0.916,1.734,0.5475,3.2733,0.3699,2.81,0.9108,4.5331,0.6046,28.6307,10.638,49.2757,12.8357,103.7565,2.7957,108.6299,98.8234,9.806,3.299,0,0,0,0.035,0.007,623.2,498.0,0.9542,0.0,57.261,0.000805,84.5,84.6,0.2,0.1,97.2,98.0,3.86,0.59,0.109,0.0185,0.0035,0.0016,0.2927,backward_fall,fall
2026-05-05T17:25:01.500000+07:00,2026-05-05T17:25:03.450000+07:00,ล้มไ_00_orig,ล้มไปด้านหลัง,1,original,0.9908,0.0471,1.0703,0.9053,1.7106,0.5474,2.7986,0.3699,2.8079,0.961,4.8637,0.6046,29.3733,11.1895,49.692,13.2149,103.7776,2.6776,108.6299,99.4887,9.141,3.2185,0,0,0,0.0401,0.006,623.2,495.7,0.9462,0.0,58.747,0.001469,84.5,84.7,0.3,0.2,97.2,98.0,4.63,0.77,0.143,0.0296,0.0057,0.0025,0.5872,backward_fall,fall
2026-05-05T17:25:02+07:00,2026-05-05T17:25:03.950000+07:00,ล้มไ_00_orig,ล้มไปด้านหลัง,1,original,0.9854,0.0479,1.0703,0.9053,1.6937,0.5666,2.7986,0.3699,2.8105,1.036,4.8637,0.6046,29.8896,11.8514,49.9624,10.7095,103.6537,2.7191,108.6299,99.4887,9.141,3.1817,0,0,0,0.0409,0.004,623.2,503.9,0.9403,0.0,59.779,0.000822,84.6,84.9,0.4,0.3,97.2,97.9,5.45,1.09,0.207,0.0394,0.0078,0.0037,0.8809,backward_fall,fall
2026-05-05T17:25:02.500000+07:00,2026-05-05T17:25:04.450000+07:00,ล้มไ_00_orig,ล้มไปด้านหลัง,1,original,0.8468,0.2669,1.0703,0.2243,2.8154,3.7839,21.8336,0.7679,13.9084,42.3018,265.9537,1.16,67.1702,84.7229,310.7683,8.8624,98.3601,22.514,136.6844,28.3833,108.301,21.8861,8,0,7,0.1702,0.001,619.6,498.9,0.6684,0.075,134.34,-0.001135,84.8,85.4,0.9,0.6,97.2,97.9,9.6,1.64,0.315,0.0082,0.1147,0.0148,6.148,backward_fall,fall
2026-05-05T17:25:03+07:00,2026-05-05T17:25:04.950000+07:00,ล้มไ_00_orig,ล้มไปด้านหลัง,1,original,1.0303,1.0329,4.5648,0.2222,7.0496,15.6485,91.0731,0.7813,38.6493,92.4703,503.0614,1.16,98.2722,106.4096,310.7683,8.606,95.0109,39.4765,173.124,28.3833,144.741,288.4513,14,4,13,0.5582,0.003,2328.6,657.7,0.5068,0.125,196.544,-0.000452,85.3,87.5,2.9,2.2,97.4,98.0,19.57,6.73,1.187,0.0199,0.2274,0.0554,34.4951,backward_fall,fall
2026-05-05T17:25:03.500000+07:00,2026-05-05T17:25:05.450000+07:00,ล้มไ_00_orig,ล้มไปด้านหลัง,1,original,1.1015,1.1496,4.5648,0.2222,10.4347,21.709,104.0707,0.7813,43.7567,92.8288,503.0614,1.16,92.2835,110.6184,310.7683,2.7366,76.0255,53.7562,173.124,2.6256,170.498,568.3823,14,5,13,0.6415,-0.002,2328.6,667.5,0.5124,0.075,184.567,0.000771,86.3,89.6,4.9,3.3,97.4,98.0,25.42,12.86,2.592,0.0286,0.2274,0.0706,51.7427,backward_fall,fall
2026-05-05T17:25:04+07:00,2026-05-05T17:25:05.950000+07:00,ล้มไ_00_orig,ล้มไปด้านหลัง,1,original,1.0956,1.1503,4.5648,0.2222,10.5757,21.6592,104.0707,0.7443,43.7001,92.8558,503.0614,0.7575,85.8191,114.6939,310.7683,0.0787,52.4632,56.9794,173.124,2.6256,170.498,569.2402,14,5,13,0.6431,0.0,2328.6,671.9,0.5095,0.05,171.638,-0.000122,87.6,91.0,6.1,3.4,97.4,98.0,27.43,16.47,3.584,0.0356,0.2274,0.0856,53.3106,backward_fall,fall
2026-05-05T17:25:04.500000+07:00,2026-05-05T17:25:06.450000+07:00,ล้มไ_00_orig,ล้มไปด้านหลัง,1,original,1.2323,1.0881,4.5648,0.2222,9.1661,21.8558,104.0707,0.2905,32.0255,86.8783,503.0614,0.2968,41.4258,89.1873,289.1221,0.0787,34.0713,52.4076,173.124,2.6256,170.498,549.7513,6,5,6,0.507,-0.004,2328.6,672.9,0.5901,0.1,82.852,-0.001289,89.3,92.4,6.8,3.1,97.4,98.0,27.8,15.45,3.473,0.0397,0.2274,0.0917,48.6067,backward_fall,fall
2026-05-05T17:25:05+07:00,2026-05-05T17:25:06.950000+07:00,ล้มไ_00_orig,ล้มไปด้านหลัง,1,original,1.0507,0.5134,4.2052,0.8301,4.6277,16.3647,104.0707,0.1625,6.7104,21.3677,114.6396,0.165,2.8158,3.5738,15.2178,0.0787,13.5822,25.1139,167.0977,2.6256,164.472,282.5231,0,1,0,0.1114,0.001,590.8,509.1,0.6943,0.05,5.632,-0.001036,91.1,94.7,7.0,3.6,97.5,98.0,27.49,13.84,3.261,0.0423,0.1666,0.0717,19.3176,backward_fall,fall
2026-05-05T17:25:05.500000+07:00,2026-05-05T17:25:07.450000+07:00,ล้มไ_00_orig,ล้มไปด้านหลัง,1,original,0.9827,0.0281,1.0059,0.8759,1.0184,0.9815,4.9824,0.1625,1.1054,1.1387,5.7398,0.165,1.3067,2.4153,10.0877,0.0787,8.793,1.7318,13.8109,4.5953,9.216,1.9763,0,0,0,0.0181,-0.003,590.8,497.1,0.9559,0.05,2.614,-0.000495,92.9,97.2,7.5,4.3,97.5,98.0,28.02,15.43,3.789,0.7342,0.1162,0.0822,11.367,backward_fall,fall
2026-05-05T17:25:06+07:00,2026-05-05T17:25:07.950000+07:00,ล้มไ_00_orig,ล้มไปด้านหลัง,1,original,0.9919,0.0079,1.0059,0.974,0.6197,0.352,1.6592,0.151,0.6301,0.358,1.6839,0.1527,0.3659,0.1278,0.6151,0.1025,8.2887,1.1385,11.4581,6.3559,5.102,0.5048,0,0,0,0.0089,0.006,590.8,492.4,0.9841,0.0,0.732,3.9e-05,95.0,99.7,8.6,4.7,97.3,98.1,30.36,17.77,4.57,1.4093,0.139,0.0974,12.9037,backward_fall,fall
2026-05-05T17:25:06.500000+07:00,2026-05-05T17:25:08.450000+07:00,ล้มไ_00_orig,ล้มไปด้านหลัง,1,original,0.991,0.0078,1.0059,0.974,0.6023,0.296,1.2151,0.151,0.6122,0.3007,1.2378,0.1527,0.3347,0.1393,0.6095,0.0608,8.2187,0.9535,10.6395,6.3559,4.284,0.4481,0,0,0,0.0094,-0.001,645.4,499.5,0.9833,0.0,0.669,0.000747,97.3,102.2,9.7,4.9,97.3,98.1,32.21,18.53,4.995,1.8359,0.1552,0.1164,13.3938,backward_fall,fall
2026-05-05T17:25:07+07:00,2026-05-05T17:25:08.950000+07:00,ล้มไ_00_orig,ล้มไปด้านหลัง,1,original,0.989,0.0074,1.0011,0.974,0.6556,0.3261,1.5379,0.151,0.6668,0.3306,1.5599,0.1527,0.3171,0.1308,0.5267,0.0608,8.2794,1.0495,10.65,6.3409,4.309,0.5335,0,0,0,0.011,0.004,645.4,503.4,0.9818,0.0,0.634,0.00088,99.7,103.8,8.9,4.1,97.3,98.0,29.57,17.18,4.844,1.6764,0.1653,0.1358,11.2427,backward_fall,fall
2026-05-05T17:25:07.500000+07:00,2026-05-05T17:25:09.450000+07:00,ล้มไ_00_orig,ล้มไปด้านหลัง,1,original,0.9885,0.0062,1.0011,0.974,0.612,0.3125,1.5379,0.151,0.6227,0.3171,1.5599,0.1527,0.3038,0.1426,0.6294,0.0608,8.0837,0.9412,10.65,6.1931,4.457,0.4697,0,0,0,0.0115,0.001,645.4,509.7,0.9825,0.0,0.608,0.00036,101.7,104.2,6.8,2.5,97.3,98.0,24.66,13.14,3.714,1.2461,0.1653,0.1489,6.8553,backward_fall,fall
2026-05-05T17:25:08+07:00,2026-05-05T17:25:09.950000+07:00,ล้มไ_00_orig,ล้มไปด้านหลัง,1,original,0.9883,0.0058,1.0011,0.9783,0.674,0.3138,1.5379,0.1612,0.6859,0.3189,1.5599,0.1639,0.3058,0.1436,0.6323,0.0608,8.2018,1.0393,10.65,6.095,4.555,0.5503,0,0,0,0.0118,0.003,645.4,520.2,0.9826,0.0,0.612,9.6e-05,103.2,105.3,5.4,2.1,97.3,98.0,20.74,8.17,2.28,0.9721,0.1653,0.1562,5.7584,backward_fall,fall
2026-05-05T17:25:08.500000+07:00,2026-05-05T17:25:10.450000+07:00,ล้มไ_00_orig,ล้มไปด้านหลัง,1,original,0.9888,0.0062,1.0035,0.9783,0.724,0.3369,1.5379,0.1612,0.7364,0.3418,1.5599,0.1639,0.309,0.1437,0.6323,0.0728,8.1389,1.1525,10.65,5.8612,4.789,0.6349,0,0,0,0.0114,0.007,626.4,513.5,0.9828,0.0,0.618,0.000154,104.6,107.8,5.3,3.2,97.3,97.9,19.28,7.29,2.148,0.9156,0.1789,0.162,8.7748,backward_fall,fall
2026-05-05T17:25:09+07:00,2026-05-05T17:25:10.950000+07:00,ล้มไ_00_orig,ล้มไปด้านหลัง,1,original,0.9901,0.006,1.0035,0.9783,0.7364,0.3228,1.4687,0.1661,0.7481,0.3273,1.483,0.1691,0.3029,0.1368,0.6323,0.0735,8.2848,1.2003,10.4767,5.8612,4.615,0.6438,0,0,0,0.0101,-0.003,626.4,508.4,0.9842,0.0,0.606,-0.000773,106.1,110.6,6.8,4.5,97.5,98.0,22.35,11.37,3.545,1.2109,0.199,0.1684,11.4168,backward_fall,fall
2026-05-05T17:25:09.500000+07:00,2026-05-05T17:25:11.450000+07:00,ล้มไ_00_orig,ล้มไปด้านหลัง,1,original,0.9905,0.007,1.0046,0.9773,0.7089,0.3325,1.4687,0.1661,0.7198,0.337,1.483,0.1691,0.3028,0.1298,0.6323,0.0735,8.4179,1.1753,10.4767,5.8612,4.615,0.6104,0,0,0,0.0099,-0.007,626.4,513.5,0.9836,0.0,0.606,-0.000385,108.4,115.4,11.1,7.0,97.5,98.0,31.79,17.04,5.684,1.9767,0.2401,0.1838,17.7595,backward_fall,fall
2026-05-05T17:25:10+07:00,2026-05-05T17:25:11.950000+07:00,ล้มไ_00_orig,ล้มไปด้านหลัง,1,original,0.9913,0.0065,1.0046,0.9773,0.7178,0.3297,1.4687,0.1661,0.7281,0.3328,1.483,0.1691,0.3017,0.1336,0.6173,0.1005,8.3947,1.212,10.4767,5.8356,4.641,0.6212,0,0,0,0.0092,0.005,614.8,504.1,0.9849,0.0,0.603,0.000144,111.8,120.1,14.6,8.3,97.5,98.0,36.75,21.23,7.567,2.5881,0.2743,0.2095,21.0577,backward_fall,fall
2026-05-05T17:25:10.500000+07:00,2026-05-05T17:25:12.450000+07:00,ล้มไ_00_orig,ล้มไปด้านหลัง,1,original,0.9912,0.0059,1.0046,0.9773,0.6774,0.3246,1.4415,0.1661,0.6871,0.3275,1.4506,0.1691,0.3113,0.1188,0.6173,0.1005,8.3114,1.2722,10.4767,5.6198,4.857,0.5616,0,0,0,0.0092,0.001,614.8,502.9,0.9854,0.0,0.623,0.000857,115.0,120.4,12.3,5.4,97.4,97.9,35.05,19.55,7.032,2.1001,0.2772,0.2327,14.2437,backward_fall,fall
2026-05-05T17:25:11+07:00,2026-05-05T17:25:12.950000+07:00,ล้มไ_00_orig,ล้มไปด้านหลัง,1,original,0.9903,0.0065,1.0046,0.9773,0.7233,0.307,1.4415,0.2506,0.7347,0.3105,1.4506,0.2575,0.3185,0.1234,0.6173,0.1005,8.219,1.265,10.5704,5.6198,4.951,0.6151,0,0,0,0.0101,-0.002,614.8,507.2,0.9839,0.0,0.637,-0.000413,117.1,120.4,9.3,3.3,97.4,98.0,32.37,11.68,2.948,1.5629,0.2772,0.2432,8.7045,backward_fall,fall
2026-05-05T17:25:11.500000+07:00,2026-05-05T17:25:13.450000+07:00,ล้มไ_00_orig,ล้มไปด้านหลัง,1,original,0.9918,0.0056,1.0019,0.9813,0.7833,0.2929,1.4415,0.3118,0.7943,0.296,1.4506,0.3161,0.2987,0.1199,0.6173,0.1005,8.313,1.4071,11.2,5.6198,5.58,0.6971,0,0,0,0.0084,0.003,594.1,500.9,0.9862,0.0,0.597,0.000296,118.2,120.4,4.6,2.2,97.4,98.0,27.93,5.45,-0.497,0.6991,0.2772,0.2422,5.803,backward_fall,fall
2026-05-05T17:25:12+07:00,2026-05-05T17:25:13.950000+07:00,ล้มไ_00_orig,ล้มไปด้านหลัง,1,original,0.9915,0.0062,1.0033,0.9767,0.7093,0.3031,1.3726,0.3118,0.7196,0.3067,1.3914,0.3161,0.3001,0.1105,0.6427,0.1425,8.4521,1.3047,11.2,5.6198,5.58,0.5927,0,0,0,0.0088,-0.004,594.1,498.3,0.9854,0.0,0.6,-0.000328,119.0,123.3,7.0,4.3,97.3,98.0,25.69,7.84,1.143,1.0638,0.2772,0.2397,11.7715,backward_fall,fall
2026-05-05T17:25:12.500000+07:00,2026-05-05T17:25:14.450000+07:00,ล้มไ_00_orig,ล้มไปด้านหลัง,1,original,0.9913,0.0064,1.0033,0.9767,0.7514,0.301,1.3276,0.3072,0.7628,0.3057,1.3392,0.3118,0.3015,0.1234,0.6427,0.1425,8.5447,1.208,11.2,5.5982,5.602,0.6529,0,0,0,0.009,-0.006,598.5,492.5,0.9849,0.0,0.603,-0.000794,120.4,125.9,9.6,5.5,97.3,98.0,26.88,13.45,5.168,1.4541,0.2803,0.2425,15.0489,backward_fall,fall
2026-05-05T17:25:13+07:00,2026-05-05T17:25:14.950000+07:00,ล้มไ_00_orig,ล้มไปด้านหลัง,1,original,0.9919,0.0069,1.0079,0.9767,0.7697,0.3645,1.6724,0.1575,0.7816,0.3703,1.6908,0.1604,0.3139,0.1323,0.6427,0.0894,8.445,1.2942,11.2,5.2712,5.929,0.722,0,0,0,0.0088,-0.006,598.5,490.5,0.9851,0.0,0.628,-0.001458,122.7,127.3,11.0,4.6,97.3,98.0,26.04,14.85,6.168,1.5876,0.2845,0.2548,12.63,backward_fall,fall
2026-05-05T17:25:13.500000+07:00,2026-05-05T17:25:15.450000+07:00,ล้มไ_00_orig,ล้มไปด้านหลัง,1,original,0.9905,0.0073,1.0079,0.9752,0.8064,0.3849,1.6724,0.1233,0.8202,0.3919,1.6908,0.1245,0.3227,0.1346,0.6427,0.0141,8.242,1.3327,10.3311,5.0013,5.33,0.7947,0,0,0,0.0101,-0.002,598.5,488.1,0.9833,0.0,0.645,7.7e-05,125.2,128.2,8.6,3.0,97.3,98.0,21.43,9.89,4.144,1.3587,0.2845,0.2702,8.237,backward_fall,fall
2026-05-05T17:25:14+07:00,2026-05-05T17:25:15.950000+07:00,ล้มไ_00_orig,ล้มไปด้านหลัง,1,original,0.9909,0.0069,1.0079,0.9752,0.8327,0.3841,1.6724,0.1233,0.8469,0.3915,1.6908,0.1245,0.3293,0.1286,0.5874,0.0141,8.1741,1.2722,10.3311,5.0013,5.33,0.8372,0,0,0,0.0097,-0.008,598.5,482.6,0.9841,0.0,0.659,0.001159,126.6,128.2,4.5,1.6,97.3,98.0,14.38,4.2,1.269,0.7109,0.2845,0.2722,4.393,backward_fall,fall
2026-05-05T17:25:14.500000+07:00,2026-05-05T17:25:16.450000+07:00,ล้มไ_00_orig,ล้มไปด้านหลัง,1,original,0.9907,0.0072,1.0079,0.9735,0.8212,0.4,1.6724,0.1233,0.8354,0.4075,1.6908,0.1245,0.3334,0.1286,0.6377,0.0141,8.2759,1.3048,10.3311,5.0013,5.33,0.8303,0,0,0,0.0099,-0.008,579.9,489.9,0.9836,0.0,0.667,0.000338,126.6,128.2,4.0,1.6,97.3,98.1,13.09,3.9,-1.074,0.6319,0.2845,0.2617,4.393,backward_fall,fall
2026-05-05T17:25:15+07:00,2026-05-05T17:25:16.950000+07:00,ล้มไ_00_orig,ล้มไปด้านหลัง,1,original,0.9903,0.0073,1.0041,0.9699,0.7583,0.3605,1.6054,0.1233,0.7713,0.3675,1.6297,0.1245,0.3158,0.1125,0.6377,0.0141,8.2145,1.2402,10.3311,5.0013,5.33,0.7017,0,0,0,0.0101,-0.004,579.9,491.2,0.9831,0.0,0.632,-0.000268,125.5,128.2,7.6,2.7,97.3,98.1,18.86,8.63,-3.659,1.2007,0.2821,0.2405,7.4088,backward_fall,fall
2026-05-05T17:25:15.500000+07:00,2026-05-05T17:25:17.450000+07:00,ล้มไ_00_orig,ล้มไปด้านหลัง,1,original,0.9902,0.0074,1.0041,0.9699,0.8035,0.3636,1.6054,0.2474,0.8177,0.3715,1.6297,0.2516,0.3245,0.1239,0.7043,0.1603,8.3327,1.2296,10.386,5.9983,4.388,0.7746,0,0,0,0.0102,0.004,634.0,498.3,0.983,0.0,0.649,-0.000507,123.2,127.5,10.2,4.3,97.3,98.0,22.95,12.84,-5.41,1.8932,0.2691,0.2094,11.7992,backward_fall,fall
2026-05-05T17:25:16+07:00,2026-05-05T17:25:17.950000+07:00,ล้มไ_00_orig,ล้มไปด้านหลัง,1,original,0.9894,0.0078,1.0056,0.9699,0.8622,0.3875,1.6796,0.2474,0.8779,0.3958,1.7188,0.2516,0.3255,0.1372,0.7043,0.1603,8.3147,1.3194,10.386,5.9983,4.388,0.8899,0,0,0,0.0111,-0.004,634.0,507.7,0.9818,0.0,0.651,-0.000567,121.5,125.9,8.6,4.4,97.3,98.0,30.08,10.94,-3.719,1.5962,0.2406,0.1856,12.0842,backward_fall,fall
2026-05-05T17:25:16.500000+07:00,2026-05-05T17:25:18.450000+07:00,ล้มไ_00_orig,ล้มไปด้านหลัง,1,original,0.9894,0.0081,1.0056,0.9699,0.864,0.3617,1.6796,0.2474,0.8791,0.369,1.7188,0.2516,0.3072,0.1304,0.7043,0.0608,8.323,1.2623,10.6224,5.9983,4.624,0.874,0,0,0,0.0113,-0.004,634.0,503.4,0.9814,0.0,0.614,0.00025,121.4,127.0,9.7,5.6,97.3,98.0,34.47,10.75,1.787,1.7247,0.219,0.1783,15.3799,backward_fall,fall
2026-05-05T17:25:17+07:00,2026-05-05T17:25:18.950000+07:00,ล้มไ_00_orig,ล้มไปด้านหลัง,1,original,0.9906,0.0078,1.0056,0.9739,0.9356,0.3528,1.6796,0.4313,0.9506,0.3596,1.7188,0.4429,0.2989,0.1506,0.712,0.0608,8.4593,1.3323,10.6224,5.5121,5.11,0.9967,0,0,0,0.0099,0.011,634.0,503.0,0.9829,0.0,0.598,0.002071,122.5,127.7,10.4,5.2,97.1,97.9,33.95,13.95,5.363,1.702,0.2235,0.1823,15.3392,backward_fall,fall
2026-05-05T17:25:17.500000+07:00,2026-05-05T17:25:19.450000+07:00,ล้มไ_00_orig,ล้มไปด้านหลัง,1,original,0.9906,0.0072,1.0056,0.9739,0.8374,0.3798,1.6796,0.102,0.8506,0.3857,1.7188,0.1036,0.2932,0.146,0.712,0.0608,8.4355,1.2027,10.6224,5.5121,5.11,0.842,0,0,0,0.0099,-0.003,603.1,502.0,0.9835,0.0,0.586,0.000876,123.6,127.7,9.9,4.1,97.1,97.9,33.01,10.76,2.215,1.6202,0.2235,0.1872,12.0944,backward_fall,fall
2026-05-05T17:25:18+07:00,2026-05-05T17:25:19.950000+07:00,ล้มไ_00_orig,ล้มไปด้านหลัง,1,original,0.9899,0.0069,1.0025,0.9764,0.739,0.3281,1.5386,0.102,0.7505,0.332,1.5558,0.1036,0.2875,0.1415,0.712,0.0608,8.2448,1.1778,10.6224,5.5121,5.11,0.6511,0,0,0,0.0103,-0.005,603.1,501.3,0.9832,0.0,0.575,-8.8e-05,123.6,127.7,8.7,4.1,97.1,97.9,28.55,10.23,-3.396,1.4238,0.2235,0.1819,12.075,backward_fall,fall
2026-05-05T17:25:18.500000+07:00,2026-05-05T17:25:20.450000+07:00,ล้มไ_00_orig,ล้มไปด้านหลัง,1,original,0.9894,0.006,1.0011,0.9764,0.688,0.3334,1.5386,0.102,0.6993,0.3381,1.5558,0.1036,0.3001,0.1399,0.712,0.0608,8.1574,1.1355,10.6167,5.5121,5.105,0.5817,0,0,0,0.0106,-0.006,603.1,498.3,0.9835,0.0,0.6,-0.001064,121.9,127.7,11.0,5.8,97.1,98.0,23.57,13.7,-5.808,1.8019,0.2235,0.1597,17.0817,backward_fall,fall
2026-05-05T17:25:19+07:00,2026-05-05T17:25:20.950000+07:00,ล้มไ_00_orig,ล้มไปด้านหลัง,1,original,0.9891,0.0058,1.0019,0.9776,0.6704,0.3097,1.3641,0.102,0.6818,0.3141,1.3813,0.1036,0.3198,0.1259,0.6112,0.0608,7.9557,1.179,11.0018,5.0923,5.909,0.5429,0,0,0,0.011,0.001,603.1,495.2,0.9834,0.0,0.64,-0.000992,119.2,124.7,9.1,5.5,97.4,98.0,21.6,11.81,-4.758,1.317,0.1907,0.1305,14.4975,backward_fall,fall
2026-05-05T17:25:19.500000+07:00,2026-05-05T17:25:21.450000+07:00,ล้มไ_00_orig,ล้มไปด้านหลัง,1,original,0.9893,0.0061,1.0019,0.9776,0.7678,0.3368,1.6716,0.2126,0.7807,0.341,1.6994,0.2163,0.3355,0.1234,0.6112,0.1225,7.8919,1.2598,11.0018,5.0923,5.909,0.7001,0,0,0,0.0108,-0.006,638.4,496.0,0.9834,0.0,0.671,-0.000413,117.7,121.3,5.7,3.6,97.4,98.1,17.79,7.1,-2.301,0.825,0.153,0.1119,9.5191,backward_fall,fall
2026-05-05T17:34:00+07:00,2026-05-05T17:34:01.950000+07:00,ล้มไ_01_orig,ล้มไปด้านหลัง,1,original,0.9924,0.0484,1.0828,0.8992,1.721,0.6959,3.5484,0.0,2.832,1.2252,6.3104,0.0,28.8523,10.2789,47.7141,10.747,104.0832,2.6753,108.2471,99.3865,8.861,3.4341,0,0,0,0.0394,0.007,633.5,512.9,0.9465,0.0,57.705,-0.00031,84.9,86.0,1.6,1.1,97.3,98.0,10.58,4.37,-0.847,0.1623,0.0155,0.009,3.1574,backward_fall,fall
2026-05-05T17:34:00.500000+07:00,2026-05-05T17:34:02.450000+07:00,ล้มไ_01_orig,ล้มไปด้านหลัง,1,original,0.9948,0.049,1.0828,0.8914,1.7756,0.6312,3.5484,0.6838,2.8816,1.117,6.3104,1.1099,28.2368,10.3721,47.7141,10.747,104.1742,2.8104,108.2471,99.3865,8.861,3.5413,0,0,0,0.0393,-0.001,633.5,509.1,0.9483,0.0,56.474,0.001201,84.6,85.3,0.9,0.7,97.3,98.0,9.26,2.21,-0.317,0.0913,0.0155,0.0099,2.0093,backward_fall,fall
2026-05-05T17:34:01+07:00,2026-05-05T17:34:02.950000+07:00,ล้มไ_01_orig,ล้มไปด้านหลัง,1,original,0.9928,0.0454,1.0828,0.8914,1.7647,0.6206,3.5484,0.7626,2.8699,1.1392,6.3104,1.1698,28.6483,10.5254,47.945,10.747,104.2708,2.778,108.2471,99.3865,8.861,3.4895,0,0,0,0.0366,-0.008,603.5,509.9,0.9497,0.0,57.297,-0.000308,84.6,85.4,1.0,0.8,97.3,98.0,9.26,2.44,0.362,0.1014,0.0151,0.0087,2.2963,backward_fall,fall
2026-05-05T17:34:01.500000+07:00,2026-05-05T17:34:03.450000+07:00,ล้มไ_01_orig,ล้มไปด้านหลัง,1,original,0.9898,0.0469,1.0828,0.8914,1.7302,0.6713,3.5484,0.3752,2.8464,1.2167,6.3104,0.5545,29.3457,11.0468,48.684,12.1637,104.3241,2.7102,108.2425,99.3865,8.856,3.4332,0,0,0,0.0382,-0.002,603.5,513.0,0.9455,0.0,58.691,-0.000709,84.9,85.8,1.4,0.9,97.4,98.0,11.26,4.13,0.796,0.142,0.0173,0.0088,2.4877,backward_fall,fall
2026-05-05T17:34:02+07:00,2026-05-05T17:34:03.950000+07:00,ล้มไ_01_orig,ล้มไปด้านหลัง,1,original,0.9855,0.046,1.0671,0.8914,1.6754,0.6133,3.4704,0.3752,2.7663,1.1172,6.1894,0.5545,29.7368,11.4002,48.684,12.1637,104.2359,2.6121,108.0707,99.9684,8.102,3.1736,0,0,0,0.038,-0.006,603.5,508.6,0.9422,0.0,59.474,-0.001625,85.1,85.8,1.4,0.7,97.4,98.0,13.52,3.6,0.382,0.1538,0.0173,0.0071,1.9326,backward_fall,fall
2026-05-05T17:34:02.500000+07:00,2026-05-05T17:34:04.450000+07:00,ล้มไ_01_orig,ล้มไปด้านหลัง,1,original,0.8608,0.2544,1.0471,0.2588,3.0184,3.9944,22.7554,0.3752,14.4238,40.2796,250.208,0.5545,65.1288,80.2693,306.7554,11.2041,97.8857,20.6902,123.5655,28.328,95.237,24.667,8,0,7,0.156,-0.002,603.5,513.9,0.6862,0.075,130.258,-0.000131,85.0,85.8,1.9,0.8,97.4,98.0,16.24,4.5,-0.63,0.0197,0.1341,0.0216,7.2843,backward_fall,fall
2026-05-05T17:34:03+07:00,2026-05-05T17:34:04.950000+07:00,ล้มไ_01_orig,ล้มไปด้านหลัง,1,original,1.0582,1.0558,4.4221,0.1988,6.0194,11.9408,70.9013,0.3752,32.046,61.8621,268.4582,0.5545,94.3287,99.4797,306.7554,7.6139,95.5603,35.7957,172.9245,28.328,144.596,175.2516,14,4,13,0.5569,-0.006,1991.7,623.8,0.5148,0.1,188.657,-0.000154,85.1,86.4,2.5,1.3,97.4,98.0,23.13,5.38,-0.218,0.0172,0.1341,0.0333,12.4539,backward_fall,fall
2026-05-05T17:34:03.500000+07:00,2026-05-05T17:34:05.450000+07:00,ล้มไ_01_orig,ล้มไปด้านหลัง,1,original,1.1439,1.1833,4.4353,0.1988,9.3676,19.6075,105.6959,1.0375,37.2817,63.353,268.4582,1.6777,88.1865,103.8532,306.7554,1.2253,75.5182,52.1748,172.9245,3.8292,169.095,462.594,14,5,13,0.6467,-0.003,1991.7,616.3,0.5239,0.05,176.373,0.000285,85.5,88.5,4.6,3.0,97.5,98.0,27.56,10.79,1.752,0.027,0.1341,0.0405,27.6344,backward_fall,fall
2026-05-05T17:34:04+07:00,2026-05-05T17:34:05.950000+07:00,ล้มไ_01_orig,ล้มไปด้านหลัง,1,original,1.1418,1.1835,4.4353,0.1988,9.5447,19.5466,105.6959,0.7225,37.2638,63.3658,268.4582,0.7317,81.7303,107.9791,306.7554,0.153,51.7788,55.3023,172.9245,3.8292,169.095,463.6192,14,5,13,0.6445,0.006,1991.7,616.4,0.5229,0.05,163.461,-0.00033,86.8,91.0,7.1,4.2,97.5,98.0,32.66,17.9,3.791,0.0417,0.1341,0.0541,38.6881,backward_fall,fall
2026-05-05T17:34:04.500000+07:00,2026-05-05T17:34:06.450000+07:00,ล้มไ_01_orig,ล้มไปด้านหลัง,1,original,1.2664,1.125,4.4353,0.1988,7.9758,19.6883,105.6959,0.2538,25.1311,54.4346,268.4582,0.2582,39.3137,83.2292,282.0423,0.1145,34.2171,52.4413,172.9245,3.8292,169.095,441.5504,6,5,6,0.5184,0.001,1991.7,621.7,0.596,0.05,78.627,-0.000144,88.8,93.5,9.0,4.7,97.5,98.1,35.59,20.67,4.652,0.0529,0.0988,0.0572,43.2938,backward_fall,fall
2026-05-05T17:34:05+07:00,2026-05-05T17:34:06.950000+07:00,ล้มไ_01_orig,ล้มไปด้านหลัง,1,original,1.0695,0.5473,4.4353,0.8595,4.7037,16.5855,105.6959,0.0917,6.9773,22.6842,125.7829,0.0931,2.6144,3.3048,10.9044,0.0954,12.4972,24.9971,165.9193,3.8292,162.09,290.3267,0,1,0,0.1123,0.007,598.0,507.0,0.6912,0.05,5.229,0.00052,91.2,95.8,9.2,4.6,97.5,98.0,34.75,20.52,4.854,0.0564,0.1057,0.0689,25.965,backward_fall,fall
2026-05-05T17:34:05.500000+07:00,2026-05-05T17:34:07.450000+07:00,ล้มไ_01_orig,ล้มไปด้านหลัง,1,original,0.986,0.019,1.0086,0.9057,1.0963,1.0183,4.238,0.0917,1.1838,1.1969,5.4999,0.0931,1.2103,2.2998,9.2988,0.0954,8.4133,1.7399,12.8035,5.1752,7.628,2.2129,0,0,0,0.0151,-0.004,598.0,507.5,0.9676,0.075,2.421,-0.000409,93.5,98.0,9.3,4.5,97.5,98.0,33.69,19.16,4.753,1.0778,0.1238,0.0874,11.8687,backward_fall,fall
2026-05-05T17:34:06+07:00,2026-05-05T17:34:07.950000+07:00,ล้มไ_01_orig,ล้มไปด้านหลัง,1,original,0.9911,0.0068,1.0099,0.979,0.6271,0.2952,1.2208,0.0917,0.6375,0.3002,1.2407,0.0931,0.3281,0.1501,0.6969,0.0806,8.0825,1.0256,10.4107,5.5653,4.845,0.4782,0,0,0,0.0098,0.008,598.0,504.9,0.9844,0.0,0.656,0.00012,95.7,98.7,7.4,3.0,97.5,98.0,28.83,15.86,4.038,1.266,0.1283,0.1037,7.5931,backward_fall,fall
2026-05-05T17:34:06.500000+07:00,2026-05-05T17:34:08.450000+07:00,ล้มไ_01_orig,ล้มไปด้านหลัง,1,original,0.9913,0.0064,1.0099,0.979,0.5927,0.2932,1.3057,0.0917,0.6023,0.2983,1.3171,0.0931,0.3091,0.1311,0.6748,0.0806,8.1805,1.0133,10.1105,5.5653,4.545,0.4351,0,0,0,0.0095,-0.006,598.0,489.4,0.985,0.0,0.618,-0.000784,97.0,98.7,4.9,1.7,97.5,98.0,23.41,9.43,1.974,0.8836,0.1283,0.1108,4.306,backward_fall,fall
2026-05-05T17:34:07+07:00,2026-05-05T17:34:08.950000+07:00,ล้มไ_01_orig,ล้มไปด้านหลัง,1,original,0.9913,0.0063,1.0099,0.979,0.6425,0.31,1.3503,0.2349,0.6533,0.3163,1.3912,0.2378,0.3358,0.1315,0.6748,0.0806,8.2052,0.9845,10.1105,6.0123,4.098,0.5065,0,0,0,0.0094,0.004,576.2,491.7,0.9851,0.0,0.672,0.000518,97.6,98.8,2.8,1.2,97.4,98.0,26.9,4.69,0.153,0.5492,0.1283,0.1105,3.1634,backward_fall,fall
2026-05-05T17:34:07.500000+07:00,2026-05-05T17:34:09.450000+07:00,ล้มไ_01_orig,ล้มไปด้านหลัง,1,original,0.9916,0.0066,1.0099,0.979,0.6904,0.301,1.3503,0.2349,0.702,0.3076,1.3912,0.238,0.339,0.1532,0.7218,0.0806,8.308,1.0554,11.2179,5.7693,5.449,0.5649,0,0,0,0.0092,-0.004,576.2,494.6,0.9851,0.0,0.678,-0.000638,98.7,103.6,6.9,4.9,97.4,98.0,36.53,10.97,1.806,1.07,0.1561,0.1155,12.9172,backward_fall,fall
2026-05-05T17:34:08+07:00,2026-05-05T17:34:09.950000+07:00,ล้มไ_01_orig,ล้มไปด้านหลัง,1,original,0.9908,0.0056,1.0034,0.9819,0.7231,0.3294,1.3503,0.2349,0.7353,0.3358,1.3912,0.238,0.3389,0.1551,0.7218,0.0917,8.3973,1.0163,11.2179,5.7693,5.449,0.6287,0,0,0,0.0094,0.001,639.4,497.5,0.9853,0.0,0.678,0.000402,100.7,107.9,11.2,7.2,97.4,98.0,42.76,21.67,5.853,1.7368,0.1955,0.1294,18.9804,backward_fall,fall
2026-05-05T17:34:08.500000+07:00,2026-05-05T17:34:10.450000+07:00,ล้มไ_01_orig,ล้มไปด้านหลัง,1,original,0.9903,0.0056,1.0034,0.9819,0.7147,0.3502,1.3503,0.1311,0.7269,0.3566,1.3912,0.1315,0.3298,0.1699,0.7218,0.0574,8.4028,1.0029,11.2519,5.7693,5.483,0.6304,0,0,0,0.0098,0.006,639.4,511.5,0.9848,0.0,0.66,0.000377,103.7,111.2,14.5,7.5,97.4,98.0,45.55,27.26,8.266,2.2368,0.2181,0.1548,19.7713,backward_fall,fall
2026-05-05T17:34:09+07:00,2026-05-05T17:34:10.950000+07:00,ล้มไ_01_orig,ล้มไปด้านหลัง,1,original,0.9904,0.0056,1.0034,0.9796,0.6877,0.3318,1.3485,0.1311,0.699,0.3369,1.3551,0.1315,0.3186,0.1636,0.7218,0.0574,8.3951,1.0312,11.2519,5.7693,5.483,0.5802,0,0,0,0.0098,0.001,639.4,505.9,0.9848,0.0,0.637,0.000325,107.6,114.1,14.8,6.5,97.5,98.0,42.55,23.48,7.591,2.283,0.2392,0.1882,16.4702,backward_fall,fall
2026-05-05T17:34:09.500000+07:00,2026-05-05T17:34:11.450000+07:00,ล้มไ_01_orig,ล้มไปด้านหลัง,1,original,0.9906,0.0053,1.0002,0.9796,0.6572,0.3581,1.3673,0.1311,0.6675,0.3634,1.404,0.1315,0.3097,0.1368,0.6871,0.0574,8.3315,0.9451,11.2519,6.1182,5.134,0.5569,0,0,0,0.0094,-0.007,639.4,505.5,0.9853,0.0,0.619,-0.000574,110.3,114.1,10.0,3.8,97.5,98.0,34.27,14.48,4.345,1.6303,0.2392,0.2071,9.6334,backward_fall,fall
2026-05-05T17:34:10+07:00,2026-05-05T17:34:11.950000+07:00,ล้มไ_01_orig,ล้มไปด้านหลัง,1,original,0.9908,0.0052,1.0002,0.9796,0.6658,0.385,1.6311,0.1311,0.6759,0.3901,1.6467,0.1315,0.3076,0.1327,0.6871,0.0574,8.3511,1.0505,11.2519,6.1182,5.134,0.5879,0,0,0,0.0092,0.0,626.9,505.2,0.9857,0.0,0.615,-8.4e-05,111.2,114.1,5.8,2.9,97.6,98.0,28.82,8.37,-0.11,0.9456,0.2392,0.2054,7.0746,backward_fall,fall
2026-05-05T17:34:10.500000+07:00,2026-05-05T17:34:12.450000+07:00,ล้มไ_01_orig,ล้มไปด้านหลัง,1,original,0.9902,0.0062,1.0058,0.9775,0.6807,0.3486,1.6311,0.2608,0.6917,0.354,1.6467,0.2659,0.2984,0.1209,0.6426,0.0927,8.2406,0.9472,10.7199,6.1182,4.602,0.5818,0,0,0,0.0101,0.001,619.1,494.9,0.9841,0.0,0.597,0.000632,110.9,114.1,5.8,3.2,97.6,98.0,24.47,9.34,-2.892,1.0354,0.2392,0.1923,7.8065,backward_fall,fall
2026-05-05T17:34:11+07:00,2026-05-05T17:34:12.950000+07:00,ล้มไ_01_orig,ล้มไปด้านหลัง,1,original,0.9898,0.007,1.0085,0.9762,0.7956,0.4282,1.6379,0.275,0.8096,0.4364,1.6939,0.2782,0.3022,0.1275,0.6426,0.0927,8.1174,1.1108,10.7199,5.6039,5.116,0.8118,0,0,0,0.0109,-0.004,619.1,499.9,0.9829,0.0,0.604,-0.00015,110.1,113.6,5.3,3.5,97.4,98.0,20.05,7.27,-1.751,0.8666,0.2295,0.1745,9.2541,backward_fall,fall
2026-05-05T17:34:11.500000+07:00,2026-05-05T17:34:13.450000+07:00,ล้มไ_01_orig,ล้มไปด้านหลัง,1,original,0.99,0.0069,1.0085,0.9762,0.7617,0.408,1.6379,0.2088,0.7747,0.4155,1.6939,0.2124,0.2985,0.1345,0.6426,0.0927,8.2796,1.1227,10.7199,5.6039,5.116,0.7425,0,0,0,0.0108,0.001,607.0,506.8,0.9833,0.0,0.597,-0.000371,110.0,113.7,5.4,3.7,97.4,98.0,23.84,6.57,1.483,0.8829,0.1907,0.1648,9.783,backward_fall,fall
2026-05-05T17:34:12+07:00,2026-05-05T17:34:13.950000+07:00,ล้มไ_01_orig,ล้มไปด้านหลัง,1,original,0.99,0.0069,1.0085,0.9762,0.7395,0.3749,1.6379,0.1166,0.7528,0.3827,1.6939,0.1179,0.3246,0.147,0.7465,0.0671,8.2951,1.1392,10.7435,5.6039,5.14,0.6839,0,0,0,0.0108,-0.004,607.0,509.6,0.9832,0.0,0.649,-4.7e-05,111.6,118.0,9.7,6.4,97.4,98.0,27.76,14.03,4.804,1.5799,0.2298,0.1741,16.9219,backward_fall,fall
2026-05-05T17:34:12.500000+07:00,2026-05-05T17:34:14.450000+07:00,ล้มไ_01_orig,ล้มไปด้านหลัง,1,original,0.9913,0.0071,1.0119,0.9762,0.8099,0.3774,1.6379,0.1166,0.8234,0.3844,1.6939,0.1179,0.3327,0.1368,0.7465,0.0671,8.3818,1.2274,10.7435,5.6039,5.14,0.7948,0,0,0,0.0098,-0.002,607.0,515.6,0.9843,0.0,0.665,-0.00027,114.6,123.2,13.9,8.6,97.4,98.0,35.07,19.83,7.381,2.264,0.2673,0.1971,22.7388,backward_fall,fall
2026-05-05T17:34:13+07:00,2026-05-05T17:34:14.950000+07:00,ล้มไ_01_orig,ล้มไปด้านหลัง,1,original,0.9921,0.0066,1.0119,0.9809,0.7369,0.355,1.7628,0.1166,0.7478,0.3583,1.7708,0.1179,0.3377,0.1515,0.812,0.0671,8.5911,1.0881,10.7435,5.7041,5.039,0.6658,0,0,0,0.0088,0.0,607.0,513.8,0.9856,0.0,0.675,0.000208,118.8,129.3,19.0,10.5,97.6,98.0,41.83,24.34,9.808,3.146,0.3211,0.2318,25.6462,backward_fall,fall
2026-05-05T17:34:13.500000+07:00,2026-05-05T17:34:15.450000+07:00,ล้มไ_01_orig,ล้มไปด้านหลัง,1,original,0.9924,0.0071,1.0119,0.9792,0.8049,0.3963,1.7628,0.1166,0.8168,0.4002,1.7708,0.1179,0.3419,0.1484,0.812,0.0671,8.5954,1.1596,11.1313,5.7041,5.427,0.801,0,0,0,0.0085,0.003,620.5,507.1,0.9854,0.0,0.684,0.00088,123.7,132.9,18.8,9.2,97.4,98.0,41.67,24.1,10.408,2.9251,0.3466,0.2723,24.3436,backward_fall,fall
2026-05-05T17:34:14+07:00,2026-05-05T17:34:15.950000+07:00,ล้มไ_01_orig,ล้มไปด้านหลัง,1,original,0.9915,0.0077,1.0119,0.978,0.8123,0.4046,1.7628,0.102,0.8245,0.4086,1.7708,0.1042,0.3218,0.1299,0.812,0.1095,8.4673,1.1863,11.1313,5.7041,5.427,0.8195,0,0,0,0.0095,0.005,620.5,504.1,0.9839,0.0,0.644,7.5e-05,126.8,132.9,14.5,6.1,97.4,98.1,41.04,16.33,5.615,2.256,0.3466,0.2927,16.1408,backward_fall,fall
2026-05-05T17:34:14.500000+07:00,2026-05-05T17:34:16.450000+07:00,ล้มไ_01_orig,ล้มไปด้านหลัง,1,original,0.9895,0.0073,1.0034,0.9749,0.7603,0.4146,1.7628,0.102,0.7727,0.4189,1.7708,0.1042,0.3183,0.14,0.812,0.0424,8.2372,1.1889,11.1313,5.7041,5.427,0.7457,0,0,0,0.0109,0.009,620.5,496.4,0.9823,0.0,0.637,-0.001257,127.6,132.9,10.5,5.3,97.4,98.0,38.06,11.71,-2.189,1.6337,0.3466,0.2893,14.024,backward_fall,fall
2026-05-05T17:34:15+07:00,2026-05-05T17:34:16.950000+07:00,ล้มไ_01_orig,ล้มไปด้านหลัง,1,original,0.9896,0.0066,1.0021,0.9749,0.7513,0.389,1.6832,0.102,0.7639,0.3944,1.7097,0.1042,0.3252,0.1212,0.6214,0.0424,8.2095,1.2626,11.1313,5.7793,5.352,0.712,0,0,0,0.0106,0.001,620.5,498.7,0.9831,0.0,0.65,-0.00091,126.6,132.9,10.5,6.3,97.4,98.0,30.57,14.2,-6.183,1.653,0.3466,0.2679,16.66,backward_fall,fall
2026-05-05T17:34:15.500000+07:00,2026-05-05T17:34:17.450000+07:00,ล้มไ_01_orig,ล้มไปด้านหลัง,1,original,0.9892,0.0058,0.9974,0.9749,0.712,0.3723,1.3407,0.102,0.7241,0.3778,1.3582,0.1042,0.3223,0.1192,0.6214,0.0424,8.0288,1.1618,10.3456,5.7793,4.566,0.642,0,0,0,0.0108,0.006,588.3,500.2,0.9835,0.0,0.645,0.000649,124.4,130.7,8.3,6.3,97.4,98.1,24.39,9.94,-3.768,1.4911,0.3206,0.2357,16.6025,backward_fall,fall
2026-05-05T17:34:16+07:00,2026-05-05T17:34:17.950000+07:00,ล้มไ_01_orig,ล้มไปด้านหลัง,1,original,0.9903,0.0063,1.0084,0.9749,0.7123,0.3526,1.3407,0.1414,0.7241,0.3577,1.3582,0.1445,0.328,0.1204,0.6214,0.0424,8.1363,1.2348,10.9607,6.3938,4.567,0.6285,0,0,0,0.0102,-0.002,587.1,499.6,0.9841,0.0,0.656,0.000974,122.7,125.8,5.2,3.1,97.4,98.0,18.55,4.21,-1.437,0.9341,0.2605,0.2099,8.1695,backward_fall,fall
2026-05-05T17:34:16.500000+07:00,2026-05-05T17:34:18.450000+07:00,ล้มไ_01_orig,ล้มไปด้านหลัง,1,original,0.9916,0.0056,1.0084,0.9824,0.6455,0.3448,1.3407,0.1414,0.6555,0.3499,1.3582,0.1445,0.3167,0.1133,0.6148,0.09,8.2015,1.1646,10.9607,6.3938,4.567,0.5326,0,0,0,0.0089,-0.002,587.1,500.4,0.986,0.0,0.633,-8.1e-05,121.5,122.8,4.4,1.3,97.5,98.0,13.21,5.85,-2.144,0.7904,0.2147,0.1915,3.2941,backward_fall,fall
2026-05-05T17:34:17+07:00,2026-05-05T17:34:18.950000+07:00,ล้มไ_01_orig,ล้มไปด้านหลัง,1,original,0.9916,0.0062,1.0084,0.9824,0.6226,0.3041,1.3407,0.1414,0.632,0.3083,1.3582,0.1445,0.3004,0.1245,0.6242,0.0728,8.0612,1.0165,10.9607,6.3938,4.567,0.4778,0,0,0,0.0091,-0.009,571.7,498.5,0.9855,0.0,0.601,-0.001458,120.3,122.8,6.1,2.5,97.5,98.0,15.17,8.78,-3.55,1.0958,0.208,0.1728,6.3349,backward_fall,fall
2026-05-05T17:34:17.500000+07:00,2026-05-05T17:34:19.450000+07:00,ล้มไ_01_orig,ล้มไปด้านหลัง,1,original,0.9913,0.0069,1.0084,0.9768,0.6664,0.3832,2.1674,0.1414,0.6768,0.3874,2.175,0.1445,0.3133,0.1317,0.6242,0.0728,8.1659,1.1488,11.0109,6.3938,4.617,0.5872,0,0,0,0.0096,-0.002,564.4,500.0,0.9845,0.025,0.627,-0.001036,118.6,122.5,7.3,3.9,97.5,97.9,16.44,9.43,-3.778,1.2996,0.1999,0.1509,9.9621,backward_fall,fall
2026-05-05T17:34:18+07:00,2026-05-05T17:34:19.950000+07:00,ล้มไ_01_orig,ล้มไปด้านหลัง,1,original,0.9907,0.0062,1.0042,0.9768,0.6935,0.4103,2.1674,0.18,0.7046,0.4161,2.175,0.1813,0.2991,0.1278,0.6242,0.0728,8.1081,1.0537,11.0109,6.2847,4.726,0.6451,0,0,0,0.0096,0.002,564.4,495.3,0.9846,0.025,0.598,-0.000409,116.8,120.3,5.9,3.5,97.5,98.0,14.48,8.09,-3.138,1.0304,0.1725,0.1296,8.9403,backward_fall,fall
2026-05-05T17:34:18.500000+07:00,2026-05-05T17:34:20.450000+07:00,ล้มไ_01_orig,ล้มไปด้านหลัง,1,original,0.9904,0.0062,1.0042,0.9768,0.7767,0.381,2.1674,0.1855,0.7892,0.386,2.175,0.1878,0.3129,0.1195,0.6242,0.0728,8.2422,1.1131,11.0109,6.2847,4.726,0.7448,0,0,0,0.0099,0.0,564.4,496.3,0.9843,0.0,0.626,0.00063,115.5,118.2,4.1,2.7,97.3,98.0,11.61,5.85,-2.158,0.716,0.1465,0.1136,7.4486,backward_fall,fall
2026-05-05T17:34:19+07:00,2026-05-05T17:34:20.950000+07:00,ล้มไ_01_orig,ล้มไปด้านหลัง,1,original,0.9894,0.0061,1.0018,0.9768,0.8053,0.403,2.1674,0.1855,0.8185,0.4079,2.175,0.1878,0.3037,0.1074,0.5084,0.097,8.2545,1.0833,11.0109,6.2847,4.726,0.8068,0,0,0,0.0107,0.003,566.0,499.9,0.9835,0.0,0.607,0.000619,114.8,116.6,2.6,1.8,97.3,98.0,12.55,3.34,-0.95,0.4541,0.1288,0.1032,4.9657,backward_fall,fall
2026-05-05T17:34:19.500000+07:00,2026-05-05T17:34:21.450000+07:00,ล้มไ_01_orig,ล้มไปด้านหลัง,1,original,0.9898,0.0055,1.0018,0.9779,0.7164,0.3181,1.5942,0.1265,0.7282,0.3237,1.6309,0.1282,0.2984,0.1183,0.6004,0.0943,8.2216,0.9194,10.0069,6.2847,3.722,0.6119,0,0,0,0.0103,0.0,571.4,495.4,0.9844,0.0,0.597,0.000353,115.0,118.1,4.1,3.1,97.3,98.0,16.16,5.27,1.375,0.8682,0.1272,0.1027,8.5065,backward_fall,fall
2026-05-06T17:41:00+07:00,2026-05-06T17:41:01.950000+07:00,ล้มไ_02_orig,ล้มไปด้านหลัง,1,original,0.9884,0.0516,1.0728,0.8448,1.6064,0.638,2.7033,0.0,2.6572,1.1366,5.4459,0.0,28.9932,10.7479,48.0955,11.5774,103.9205,2.5038,109.3487,99.6444,9.704,2.9775,0,0,0,0.0411,-0.002,623.1,495.5,0.9399,0.0,57.986,-0.000782,84.9,85.0,0.1,0.1,97.4,98.1,3.62,0.39,0.008,0.0093,0.0018,0.0007,0.2742,backward_fall,fall
2026-05-06T17:41:00.500000+07:00,2026-05-06T17:41:02.450000+07:00,ล้มไ_02_orig,ล้มไปด้านหลัง,1,original,0.9954,0.047,1.0728,0.9043,1.6341,0.6073,3.0689,0.6957,2.6367,0.9669,4.6451,1.2426,28.3746,10.8093,48.0955,11.813,103.9209,2.4803,109.2011,98.8953,10.306,3.0299,0,0,0,0.0403,0.003,578.5,496.6,0.9507,0.0,56.749,0.000925,84.9,85.0,0.4,0.1,97.4,98.1,5.88,0.85,-0.138,0.0354,0.0053,0.0015,0.2721,backward_fall,fall
2026-05-06T17:41:01+07:00,2026-05-06T17:41:02.950000+07:00,ล้มไ_02_orig,ล้มไปด้านหลัง,1,original,0.9905,0.0462,1.0728,0.9162,1.6601,0.5832,3.0689,0.6957,2.6923,0.9205,4.6451,1.2426,28.927,10.8556,47.956,12.1757,103.9066,2.6317,109.2011,98.8953,10.306,3.0874,0,0,0,0.0396,-0.005,591.8,495.6,0.9468,0.0,57.854,0.001109,84.8,85.0,0.7,0.2,97.4,98.1,7.03,1.72,-0.333,0.0619,0.0099,0.0031,0.5442,backward_fall,fall
2026-05-06T17:41:01.500000+07:00,2026-05-06T17:41:03.450000+07:00,ล้มไ_02_orig,ล้มไปด้านหลัง,1,original,0.9914,0.0507,1.0728,0.889,1.7217,0.5365,3.0689,0.8042,2.83,0.8987,4.6451,1.2426,29.4116,11.0353,47.956,12.1757,103.8513,2.7079,107.9893,98.8953,9.094,3.2449,0,0,0,0.0422,-0.001,603.8,501.8,0.9436,0.0,58.823,-0.000764,84.6,84.9,0.7,0.3,97.3,98.0,8.13,2.16,-0.418,0.0693,0.0151,0.0055,0.8476,backward_fall,fall
2026-05-06T17:41:02+07:00,2026-05-06T17:41:03.950000+07:00,ล้มไ_02_orig,ล้มไปด้านหลัง,1,original,0.9865,0.0489,1.0663,0.889,1.7076,0.6531,3.4803,0.3162,2.8236,1.158,6.6476,0.6469,29.6153,11.437,48.3623,12.0106,104.0541,2.6801,108.3135,98.8953,9.418,3.332,0,0,0,0.0423,-0.001,614.8,506.4,0.9405,0.0,59.231,-0.000289,84.6,85.3,1.1,0.7,97.3,98.0,11.13,2.41,0.065,0.1056,0.0151,0.0064,2.0156,backward_fall,fall
2026-05-06T17:41:02.500000+07:00,2026-05-06T17:41:04.450000+07:00,ล้มไ_02_orig,ล้มไปด้านหลัง,1,original,0.8606,0.2599,1.0663,0.2548,3.1054,4.2443,24.1253,0.3162,14.0267,37.847,233.604,0.6469,64.9743,79.7699,299.8738,12.0106,97.3546,23.1472,138.4768,28.7645,109.712,27.2073,7,0,7,0.1585,-0.003,614.8,509.2,0.6831,0.1,129.949,0.001321,84.9,86.2,2.0,1.3,97.3,98.0,13.03,5.1,0.899,0.0181,0.1774,0.0276,11.7095,backward_fall,fall
2026-05-06T17:41:03+07:00,2026-05-06T17:41:04.950000+07:00,ล้มไ_02_orig,ล้มไปด้านหลัง,1,original,0.9989,0.8734,3.8678,0.2548,6.2573,11.6867,66.0112,0.3162,30.5181,58.304,269.6349,0.6469,98.7435,107.9789,345.4979,5.7892,94.741,37.6035,171.7751,28.7645,143.011,172.3177,13,4,13,0.4941,0.007,2210.1,627.1,0.5332,0.125,197.487,0.001229,85.4,87.2,3.0,1.8,97.3,98.0,14.63,7.98,1.647,0.0208,0.2436,0.0667,17.9643,backward_fall,fall
2026-05-06T17:41:03.500000+07:00,2026-05-06T17:41:05.450000+07:00,ล้มไ_02_orig,ล้มไปด้านหลัง,1,original,1.0812,1.0139,4.2496,0.2548,9.7074,18.9919,101.2403,0.3162,37.3312,61.8461,269.6349,0.6469,93.4561,111.664,345.4979,1.1044,74.7071,53.4886,171.7751,4.4695,167.306,445.9075,13,5,13,0.5797,-0.002,2210.1,618.6,0.5369,0.05,186.912,-0.00027,86.3,88.2,3.7,1.9,97.5,98.1,15.72,8.93,1.896,0.022,0.2436,0.0762,17.5577,backward_fall,fall
2026-05-06T17:41:04+07:00,2026-05-06T17:41:05.950000+07:00,ล้มไ_02_orig,ล้มไปด้านหลัง,1,original,1.0746,1.0151,4.2496,0.2548,10.0335,18.8699,101.2403,0.7749,37.5392,61.7338,269.6349,1.4031,87.1699,115.6849,345.4979,0.1308,50.5808,56.3,171.7751,4.3775,167.398,447.842,13,5,13,0.5853,0.003,2210.1,619.1,0.5333,0.05,174.34,-0.001441,87.3,89.2,3.8,1.9,97.7,98.1,15.61,9.12,1.979,0.0226,0.2436,0.0862,16.153,backward_fall,fall
2026-05-06T17:41:04.500000+07:00,2026-05-06T17:41:06.450000+07:00,ล้มไ_02_orig,ล้มไปด้านหลัง,1,original,1.1987,0.954,4.2496,0.2582,8.4719,18.9923,101.2403,0.3169,25.9023,54.2363,269.6349,0.3225,44.8027,95.9863,345.4979,0.1308,33.3682,52.5667,171.7751,4.3775,167.398,423.4621,6,5,6,0.4611,0.001,2210.1,615.0,0.6135,0.075,89.605,-0.000715,88.2,90.1,3.8,1.9,97.7,98.1,15.25,8.92,1.979,0.0226,0.2436,0.0758,16.153,backward_fall,fall
2026-05-06T17:41:05+07:00,2026-05-06T17:41:06.950000+07:00,ล้มไ_02_orig,ล้มไปด้านหลัง,1,original,1.063,0.5203,4.2496,0.7941,5.1319,16.062,101.2403,0.2315,8.9696,28.7254,135.3564,0.2343,3.4078,4.4854,15.3904,0.1308,12.1414,25.4157,168.2782,4.3775,163.901,277.8738,0,1,0,0.1183,0.008,620.5,503.2,0.6992,0.05,6.816,4.1e-05,89.3,91.9,4.6,2.6,97.6,98.1,18.7,9.6,2.175,0.0279,0.1443,0.0494,14.6862,backward_fall,fall
2026-05-06T17:41:05.500000+07:00,2026-05-06T17:41:07.450000+07:00,ล้มไ_02_orig,ล้มไปด้านหลัง,1,original,0.9839,0.0414,1.088,0.7941,1.4039,1.2673,6.2296,0.2315,1.5685,1.719,9.5745,0.2343,1.3449,2.7118,13.7252,0.1095,8.2873,1.8185,14.1479,4.3775,9.77,3.5368,0,0,0,0.0223,0.003,620.5,506.3,0.9448,0.05,2.69,0.001212,90.6,93.9,5.6,3.3,97.6,98.1,22.04,12.12,2.816,0.5199,0.0832,0.0563,8.6783,backward_fall,fall
2026-05-06T17:41:06+07:00,2026-05-06T17:41:07.950000+07:00,ล้มไ_02_orig,ล้มไปด้านหลัง,1,original,0.9915,0.0073,1.0049,0.9745,0.8091,0.4393,1.8188,0.1497,0.8209,0.4441,1.8369,0.1512,0.3104,0.1177,0.5394,0.1095,8.2803,1.1275,9.887,4.4476,5.439,0.8428,0,0,0,0.009,0.001,620.5,502.9,0.9843,0.0,0.621,0.000889,92.3,97.2,7.9,4.9,97.4,98.0,30.98,16.03,3.87,1.2268,0.1166,0.0699,12.974,backward_fall,fall
2026-05-06T17:41:06.500000+07:00,2026-05-06T17:41:08.450000+07:00,ล้มไ_02_orig,ล้มไปด้านหลัง,1,original,0.9913,0.0076,1.0049,0.9745,0.6953,0.3589,1.5276,0.1456,0.706,0.3637,1.5456,0.1465,0.3092,0.1282,0.6266,0.086,8.2725,1.0508,9.8993,4.4476,5.452,0.6091,0,0,0,0.0092,-0.005,620.5,506.0,0.9838,0.0,0.618,0.00042,94.7,101.3,11.1,6.6,97.4,98.0,39.42,21.85,5.574,1.7205,0.1524,0.0924,17.4252,backward_fall,fall
2026-05-06T17:41:07+07:00,2026-05-06T17:41:08.950000+07:00,ล้มไ_02_orig,ล้มไปด้านหลัง,1,original,0.9914,0.0064,1.0029,0.978,0.6986,0.3739,1.5276,0.1456,0.7098,0.3801,1.5456,0.1465,0.3402,0.1376,0.6266,0.086,8.1767,1.1798,9.8993,4.4476,5.452,0.6243,0,0,0,0.0088,0.003,612.4,503.1,0.9851,0.0,0.68,-0.000801,97.8,104.0,11.9,6.2,97.4,98.0,41.02,25.21,6.853,1.8445,0.1744,0.1202,16.3692,backward_fall,fall
2026-05-06T17:41:07.500000+07:00,2026-05-06T17:41:09.450000+07:00,ล้มไ_02_orig,ล้มไปด้านหลัง,1,original,0.9915,0.0058,1.0016,0.9783,0.6666,0.3352,1.4861,0.1456,0.6773,0.3414,1.5253,0.1465,0.3472,0.1313,0.6266,0.086,8.2355,1.225,10.2727,4.4476,5.825,0.5539,0,0,0,0.0086,0.005,612.4,495.1,0.9858,0.0,0.694,-0.000735,100.7,105.1,11.0,4.4,97.4,98.0,39.04,22.31,6.196,1.6117,0.1759,0.1447,11.6145,backward_fall,fall
2026-05-06T17:41:08+07:00,2026-05-06T17:41:09.950000+07:00,ล้มไ_02_orig,ล้มไปด้านหลัง,1,original,0.9913,0.0069,1.0028,0.9772,0.7609,0.3373,1.4861,0.1456,0.7733,0.3433,1.5253,0.1465,0.3545,0.1374,0.7242,0.086,8.356,1.2229,10.7876,5.5728,5.215,0.6899,0,0,0,0.0089,0.002,612.4,492.9,0.9845,0.0,0.709,0.000582,103.2,105.9,8.3,2.7,97.5,98.0,31.33,14.25,3.985,1.3355,0.1779,0.1638,6.853,backward_fall,fall
2026-05-06T17:41:08.500000+07:00,2026-05-06T17:41:10.450000+07:00,ล้มไ_02_orig,ล้มไปด้านหลัง,1,original,0.991,0.0063,1.0028,0.9772,0.7934,0.3241,1.4861,0.1612,0.8063,0.33,1.5253,0.1639,0.352,0.1424,0.7242,0.0374,8.583,1.146,10.7876,5.5728,5.215,0.7318,0,0,0,0.0092,0.005,612.4,490.9,0.9848,0.0,0.704,0.000756,104.7,105.9,4.2,1.2,97.5,98.1,19.32,5.76,1.431,0.6758,0.1779,0.1697,3.0458,backward_fall,fall
2026-05-06T17:41:09+07:00,2026-05-06T17:41:10.950000+07:00,ล้มไ_02_orig,ล้มไปด้านหลัง,1,original,0.9914,0.0064,1.0028,0.9772,0.7574,0.2861,1.4258,0.1612,0.7694,0.2912,1.4381,0.1639,0.3362,0.1433,0.7242,0.0374,8.5957,1.0654,10.7876,6.4158,4.372,0.6534,0,0,0,0.0089,-0.002,621.2,485.7,0.9851,0.0,0.672,0.000355,105.0,105.9,1.8,0.9,97.5,98.0,14.25,2.89,-0.165,0.3351,0.1779,0.1633,2.2824,backward_fall,fall
2026-05-06T17:41:09.500000+07:00,2026-05-06T17:41:11.450000+07:00,ล้มไ_02_orig,ล้มไปด้านหลัง,1,original,0.9906,0.006,1.0028,0.9772,0.7984,0.3624,1.6748,0.1612,0.8118,0.3692,1.718,0.1639,0.343,0.1664,0.7242,0.0374,8.4686,1.0028,10.7876,6.4158,4.372,0.7654,0,0,0,0.0097,0.0,621.2,493.7,0.9847,0.0,0.686,0.000276,105.6,109.3,5.2,3.7,97.6,98.0,28.16,6.49,0.85,0.968,0.1843,0.1612,9.0326,backward_fall,fall
2026-05-06T17:41:10+07:00,2026-05-06T17:41:11.950000+07:00,ล้มไ_02_orig,ล้มไปด้านหลัง,1,original,0.9908,0.0052,1.0019,0.9779,0.7606,0.3712,1.7445,0.1612,0.7732,0.3787,1.7783,0.1639,0.3389,0.1681,0.6451,0.0374,8.2317,1.072,10.1636,4.3991,5.765,0.7128,0,0,0,0.0093,0.004,621.2,490.9,0.9857,0.0,0.678,0.000762,107.2,113.9,9.8,6.7,97.6,98.1,35.58,15.67,4.485,1.4487,0.2259,0.1693,16.366,backward_fall,fall
2026-05-06T17:41:10.500000+07:00,2026-05-06T17:41:12.450000+07:00,ล้มไ_02_orig,ล้มไปด้านหลัง,1,original,0.9903,0.0057,1.0044,0.9779,0.7625,0.3889,1.7445,0.2272,0.7754,0.3958,1.7783,0.2309,0.3415,0.1631,0.6451,0.1225,8.0764,1.2313,11.5614,4.3991,7.162,0.7289,0,0,0,0.01,0.006,621.2,492.3,0.9847,0.0,0.683,0.000619,109.3,114.3,10.2,5.0,97.6,98.0,36.05,19.63,6.414,1.2496,0.2263,0.184,12.2134,backward_fall,fall
2026-05-06T17:41:11+07:00,2026-05-06T17:41:12.950000+07:00,ล้มไ_02_orig,ล้มไปด้านหลัง,1,original,0.9909,0.0064,1.0058,0.9779,0.7918,0.4189,1.7445,0.2272,0.8045,0.4259,1.7783,0.2309,0.3162,0.1637,0.6451,0.0768,8.2776,1.2116,11.5614,4.3991,7.162,0.7981,0,0,0,0.0098,0.008,567.7,491.5,0.9847,0.0,0.632,-0.000615,111.4,114.3,9.3,2.9,97.1,98.0,34.16,13.82,3.843,1.1394,0.2263,0.1973,8.5596,backward_fall,fall
2026-05-06T17:41:11.500000+07:00,2026-05-06T17:41:13.450000+07:00,ล้มไ_02_orig,ล้มไปด้านหลัง,1,original,0.9911,0.0066,1.0058,0.9779,0.7682,0.4135,1.7445,0.2631,0.7811,0.4211,1.7914,0.2658,0.3325,0.1656,0.8367,0.0768,8.2345,1.301,11.5614,4.3991,7.162,0.7568,0,0,0,0.0097,0.002,566.1,490.7,0.9846,0.0,0.665,-0.0004,112.8,114.3,4.6,1.5,97.1,98.0,23.81,4.9,0.295,0.5636,0.2263,0.2023,4.4279,backward_fall,fall
2026-05-06T17:41:12+07:00,2026-05-06T17:41:13.950000+07:00,ล้มไ_02_orig,ล้มไปด้านหลัง,1,original,0.9909,0.0066,1.0058,0.9756,0.7863,0.4358,1.7483,0.1414,0.7994,0.4431,1.7914,0.1439,0.3321,0.1631,0.8367,0.0768,8.4316,1.2376,11.7576,5.59,6.168,0.8034,0,0,0,0.0099,-0.001,566.1,497.9,0.9844,0.0,0.664,-0.000385,113.1,114.3,2.1,1.2,97.1,98.0,9.11,2.66,-0.401,0.293,0.2263,0.1968,3.5423,backward_fall,fall
2026-05-06T17:41:12.500000+07:00,2026-05-06T17:41:14.450000+07:00,ล้มไ_02_orig,ล้มไปด้านหลัง,1,original,0.9912,0.0063,1.0058,0.9756,0.7299,0.4447,1.7483,0.1414,0.7423,0.453,1.7914,0.1439,0.3383,0.1518,0.8367,0.0768,8.4721,1.0209,11.7576,5.59,6.168,0.7256,0,0,0,0.0094,0.005,586.6,496.3,0.985,0.0,0.677,0.000355,113.4,117.6,5.4,4.2,97.1,98.0,22.84,5.7,1.574,0.7534,0.2177,0.1914,12.3982,backward_fall,fall
2026-05-06T17:41:13+07:00,2026-05-06T17:41:14.950000+07:00,ล้มไ_02_orig,ล้มไปด้านหลัง,1,original,0.9903,0.006,1.0059,0.9756,0.7172,0.4096,1.7483,0.1414,0.7303,0.4178,1.7914,0.1439,0.374,0.1531,0.8367,0.09,8.213,1.1692,11.7576,5.59,6.168,0.678,0,0,0,0.0101,-0.008,586.6,496.9,0.9844,0.0,0.748,-0.000533,115.5,123.9,11.7,8.4,97.3,98.0,34.56,15.64,5.544,1.6323,0.2767,0.2046,23.0863,backward_fall,fall
2026-05-06T17:41:13.500000+07:00,2026-05-06T17:41:15.450000+07:00,ล้มไ_02_orig,ล้มไปด้านหลัง,1,original,0.99,0.0069,1.0059,0.9741,0.7643,0.4011,1.9178,0.1414,0.7776,0.4063,1.9301,0.1439,0.3569,0.1364,0.6605,0.09,8.2918,1.2055,11.7576,6.5394,5.218,0.741,0,0,0,0.0104,0.003,617.9,497.0,0.9832,0.0,0.714,0.000989,119.1,128.5,15.6,9.4,97.3,98.0,39.43,23.31,9.308,2.5088,0.3126,0.2332,25.8699,backward_fall,fall
2026-05-06T17:41:14+07:00,2026-05-06T17:41:15.950000+07:00,ล้มไ_02_orig,ล้มไปด้านหลัง,1,original,0.9902,0.0067,1.0059,0.9741,0.7407,0.3839,1.9178,0.1523,0.7535,0.3887,1.9301,0.1544,0.3582,0.1308,0.6605,0.0825,8.1314,1.2726,10.9387,4.5978,6.341,0.6923,0,0,0,0.0101,0.006,617.9,499.2,0.9836,0.0,0.716,0.000495,123.1,130.1,16.4,7.0,97.5,98.0,39.69,23.21,9.64,2.2341,0.3139,0.2646,17.8378,backward_fall,fall
2026-05-06T17:41:14.500000+07:00,2026-05-06T17:41:16.450000+07:00,ล้มไ_02_orig,ล้มไปด้านหลัง,1,original,0.9889,0.0069,1.0059,0.9741,0.777,0.3677,1.9178,0.1442,0.7911,0.3724,1.9301,0.1473,0.3467,0.1409,0.6605,0.0825,7.7901,1.4159,10.9387,4.5978,6.341,0.7355,0,0,0,0.0114,0.001,617.9,501.8,0.9822,0.0,0.693,0.000355,127.1,131.4,13.2,4.3,97.3,98.0,33.11,15.16,6.38,1.7981,0.3193,0.2941,11.8341,backward_fall,fall
2026-05-06T17:41:15+07:00,2026-05-06T17:41:16.950000+07:00,ล้มไ_02_orig,ล้มไปด้านหลัง,1,original,0.9881,0.0075,1.0025,0.973,0.7459,0.3686,1.9178,0.1442,0.7599,0.3739,1.9301,0.1473,0.3292,0.1346,0.6067,0.0825,7.8718,1.3407,10.9387,4.5978,6.341,0.6889,0,0,0,0.012,0.002,617.9,506.1,0.9808,0.0,0.658,-0.000295,129.1,131.4,6.9,2.3,97.3,98.0,22.81,5.99,1.714,0.9399,0.3193,0.3032,6.3299,backward_fall,fall
2026-05-06T17:41:15.500000+07:00,2026-05-06T17:41:17.450000+07:00,ล้มไ_02_orig,ล้มไปด้านหลัง,1,original,0.9879,0.0072,1.0025,0.973,0.7223,0.3619,1.5952,0.1442,0.7362,0.3688,1.6393,0.1473,0.325,0.1362,0.6067,0.0825,7.6669,1.3172,10.5221,4.5978,5.924,0.6495,0,0,0,0.0123,-0.008,580.7,510.6,0.9808,0.0,0.65,-0.000546,129.0,131.4,6.3,2.4,97.3,98.0,17.82,6.37,-2.042,0.9098,0.3193,0.2902,6.5862,backward_fall,fall
2026-05-06T17:41:16+07:00,2026-05-06T17:41:17.950000+07:00,ล้มไ_02_orig,ล้มไปด้านหลัง,1,original,0.9881,0.0076,1.0037,0.973,0.7362,0.3981,2.1671,0.1442,0.7502,0.4051,2.1893,0.1473,0.3207,0.1279,0.6067,0.1225,7.7788,1.2671,10.7772,5.3449,5.432,0.6965,0,0,0,0.0123,0.005,585.0,511.8,0.9807,0.0,0.641,-2.8e-05,127.4,131.4,10.4,4.0,97.3,98.0,23.46,11.92,-5.288,1.6168,0.3193,0.2635,11.0364,backward_fall,fall
2026-05-06T17:41:16.500000+07:00,2026-05-06T17:41:18.450000+07:00,ล้มไ_02_orig,ล้มไปด้านหลัง,1,original,0.9891,0.0077,1.0037,0.973,0.765,0.4026,2.1671,0.1855,0.7788,0.4093,2.1893,0.1893,0.3266,0.148,0.7711,0.0831,8.1309,1.2115,10.9369,6.1307,4.806,0.7433,0,0,0,0.0113,-0.006,649.4,506.7,0.9816,0.0,0.653,-6.4e-05,124.3,130.5,13.5,6.2,97.5,98.0,28.0,16.04,-6.981,2.3251,0.3041,0.2243,15.8393,backward_fall,fall
2026-05-06T17:41:17+07:00,2026-05-06T17:41:18.950000+07:00,ล้มไ_02_orig,ล้มไปด้านหลัง,1,original,0.9898,0.007,1.0037,0.976,0.7548,0.4257,2.1671,0.1855,0.7675,0.4321,2.1893,0.1893,0.3259,0.1408,0.7711,0.0831,8.2345,1.2132,10.9369,6.1307,4.806,0.7464,0,0,0,0.0106,-0.005,660.7,509.6,0.9829,0.0,0.652,-0.000578,121.1,127.7,11.4,6.6,97.5,98.0,27.06,16.2,-6.715,1.9634,0.2632,0.1853,16.8612,backward_fall,fall
2026-05-06T17:41:17.500000+07:00,2026-05-06T17:41:19.450000+07:00,ล้มไ_02_orig,ล้มไปด้านหลัง,1,original,0.9904,0.008,1.0037,0.9656,0.7763,0.3986,2.1671,0.1855,0.7894,0.4056,2.1893,0.1893,0.3323,0.1576,0.7711,0.0831,8.2801,1.2528,10.9369,4.9451,5.992,0.7577,0,0,0,0.01,0.004,660.7,503.0,0.9826,0.0,0.665,-0.000518,118.7,124.7,8.4,6.0,97.5,98.0,24.55,11.47,-4.176,1.2014,0.2259,0.1555,15.3284,backward_fall,fall
2026-05-06T17:41:18+07:00,2026-05-06T17:41:19.950000+07:00,ล้มไ_02_orig,ล้มไปด้านหลัง,1,original,0.9905,0.0079,1.0022,0.9656,0.7694,0.3543,1.4048,0.1183,0.7824,0.3612,1.4321,0.1203,0.3343,0.1586,0.7711,0.0831,8.3084,1.3026,10.9369,4.9451,5.992,0.7144,0,0,0,0.0098,-0.003,660.7,502.9,0.9827,0.0,0.669,8.6e-05,117.3,120.6,4.3,3.3,97.4,98.0,18.49,4.76,-1.008,0.615,0.1799,0.1367,8.7029,backward_fall,fall
2026-05-06T17:41:18.500000+07:00,2026-05-06T17:41:20.450000+07:00,ล้มไ_02_orig,ล้มไปด้านหลัง,1,original,0.9899,0.0085,1.0022,0.9656,0.7483,0.3293,1.4048,0.1183,0.7609,0.3358,1.4321,0.1203,0.3096,0.1364,0.6949,0.13,8.1688,1.304,10.9154,4.9451,5.97,0.6656,0,0,0,0.0103,-0.003,660.7,499.4,0.9816,0.0,0.619,0.000908,117.1,118.5,2.2,1.4,97.2,97.9,7.8,2.84,1.044,0.3156,0.1377,0.1309,3.9761,backward_fall,fall
2026-05-06T17:41:19+07:00,2026-05-06T17:41:20.950000+07:00,ล้มไ_02_orig,ล้มไปด้านหลัง,1,original,0.9903,0.0086,1.0085,0.9656,0.7805,0.3481,1.5464,0.1183,0.7944,0.3557,1.5758,0.1203,0.3298,0.1521,0.6949,0.13,8.0955,1.3963,10.9154,4.9451,5.97,0.7274,0,0,0,0.0103,0.0,586.3,496.6,0.9818,0.0,0.66,-0.001002,117.6,119.0,2.4,1.4,97.2,97.9,10.62,3.44,1.247,0.3443,0.1404,0.1322,3.9818,backward_fall,fall
2026-05-06T17:41:19.500000+07:00,2026-05-06T17:41:21.450000+07:00,ล้มไ_02_orig,ล้มไปด้านหลัง,1,original,0.9904,0.0075,1.0085,0.9711,0.7711,0.3692,1.5464,0.1183,0.7836,0.3745,1.5758,0.1203,0.312,0.1338,0.5695,0.0995,8.2182,1.2494,10.9154,5.6617,5.254,0.7275,0,0,0,0.0102,-0.009,586.3,498.1,0.983,0.0,0.624,-0.001371,117.4,119.0,4.2,1.6,97.2,97.9,16.69,4.68,-0.539,0.6716,0.1404,0.1272,4.5506,backward_fall,fall
2026-05-06T17:44:00+07:00,2026-05-06T17:44:01.950000+07:00,ล้มไ_03_orig,ล้มไปด้านหลัง,1,original,0.9905,0.0461,1.0667,0.8816,1.6808,0.6443,3.2156,0.0,2.7755,1.1807,5.9406,0.0,28.5185,10.541,49.7895,10.1484,104.0459,2.7846,108.9317,98.1966,10.735,3.2299,0,0,0,0.0383,0.004,614.9,502.8,0.9469,0.0,57.037,0.000824,84.0,85.8,3.0,1.8,97.4,98.0,20.91,7.22,-0.993,0.2556,0.0322,0.0133,4.958,backward_fall,fall
2026-05-06T17:44:00.500000+07:00,2026-05-06T17:44:02.450000+07:00,ล้มไ_03_orig,ล้มไปด้านหลัง,1,original,0.9945,0.0465,1.0667,0.915,1.7148,0.589,3.2156,0.7378,2.7806,1.0143,5.9406,1.2002,28.2149,10.5858,49.7895,10.1484,104.1689,2.6812,108.9317,98.7931,10.139,3.2787,0,0,0,0.0399,-0.004,614.9,502.9,0.9504,0.0,56.43,-0.000261,83.7,84.5,1.7,0.8,97.6,98.0,18.12,4.54,0.43,0.1526,0.0322,0.0133,2.0341,backward_fall,fall
2026-05-06T17:44:01+07:00,2026-05-06T17:44:02.950000+07:00,ล้มไ_03_orig,ล้มไปด้านหลัง,1,original,0.991,0.0509,1.0673,0.8882,1.758,0.6229,3.2156,0.7378,2.8937,1.1546,6.5717,1.2002,28.7749,10.6544,48.5617,12.9225,104.2499,2.6711,109.7519,98.7931,10.959,3.4689,0,0,0,0.0427,-0.003,614.9,501.5,0.9431,0.0,57.55,-0.000537,83.8,84.5,1.7,0.7,97.6,98.0,14.43,4.28,0.574,0.1422,0.0321,0.0093,1.7904,backward_fall,fall
2026-05-06T17:44:01.500000+07:00,2026-05-06T17:44:03.450000+07:00,ล้มไ_03_orig,ล้มไปด้านหลัง,1,original,0.9879,0.0482,1.0673,0.8882,1.7943,0.6429,3.1106,0.7378,2.9706,1.1968,6.5717,1.2002,29.4041,11.1798,49.1568,12.9225,104.238,3.0429,110.7962,98.816,11.98,3.6224,0,0,0,0.0394,-0.006,569.1,495.5,0.9425,0.0,58.808,-0.000326,83.8,84.5,1.3,0.7,97.6,98.0,13.97,3.38,-0.342,0.1002,0.0173,0.0069,1.7904,backward_fall,fall
2026-05-06T17:44:02+07:00,2026-05-06T17:44:03.950000+07:00,ล้มไ_03_orig,ล้มไปด้านหลัง,1,original,0.9869,0.0499,1.0673,0.8882,1.8057,0.6426,3.1106,0.6309,3.015,1.225,6.5717,1.1174,30.0659,11.4133,49.1568,13.5718,103.9326,2.9714,110.7962,98.816,11.98,3.6633,0,0,0,0.0407,0.003,604.9,498.0,0.9399,0.0,60.132,-0.000514,83.8,84.5,1.3,0.7,97.5,98.0,13.18,3.36,-0.483,0.1002,0.0173,0.0068,1.865,backward_fall,fall
2026-05-06T17:44:02.500000+07:00,2026-05-06T17:44:04.450000+07:00,ล้มไ_03_orig,ล้มไปด้านหลัง,1,original,0.8519,0.2818,1.0673,0.2044,3.1056,4.1924,23.8976,0.6309,14.7956,47.2035,297.7782,1.1174,65.802,81.0094,307.0809,13.5718,97.7929,21.2353,135.277,38.3401,96.937,26.7818,8,0,7,0.1681,0.008,604.9,491.7,0.6646,0.075,131.604,0.000402,83.8,84.8,1.6,1.0,97.5,98.0,15.74,3.28,0.31,0.0163,0.1017,0.0147,9.9445,backward_fall,fall
2026-05-06T17:44:03+07:00,2026-05-06T17:44:04.950000+07:00,ล้มไ_03_orig,ล้มไปด้านหลัง,1,original,1.0355,1.0357,4.294,0.1843,6.5072,12.7427,72.644,0.4841,34.1219,69.2559,297.7782,1.1174,102.3224,112.641,320.0483,7.9147,96.9098,34.3851,174.0731,38.3401,135.733,200.6599,14,4,13,0.5607,0.001,2269.1,618.6,0.5087,0.1,204.645,-0.00027,84.4,87.6,4.4,3.2,97.5,98.0,27.14,10.48,1.933,0.0322,0.3829,0.0703,31.8223,backward_fall,fall
2026-05-06T17:44:03.500000+07:00,2026-05-06T17:44:05.450000+07:00,ล้มไ_03_orig,ล้มไปด้านหลัง,1,original,1.1181,1.1675,4.4361,0.1843,10.0206,20.5399,107.165,0.4841,41.0269,72.7636,297.7782,1.1174,96.3396,116.8283,320.0483,2.5961,78.0241,50.8409,174.0731,7.8157,166.257,511.752,14,5,13,0.6512,-0.004,2269.1,622.9,0.5158,0.075,192.679,9e-06,85.9,90.4,7.0,4.5,97.4,98.0,34.15,18.0,3.681,0.0419,0.3829,0.0882,46.54,backward_fall,fall
2026-05-06T17:44:04+07:00,2026-05-06T17:44:05.950000+07:00,ล้มไ_03_orig,ล้มไปด้านหลัง,1,original,1.1067,1.1693,4.4361,0.1843,10.2713,20.4451,107.165,0.4841,41.1275,72.7104,297.7782,0.9531,90.0383,120.8317,320.0483,0.2634,54.785,55.0803,174.0731,6.0775,167.996,513.0505,14,5,13,0.6588,0.002,2269.1,624.7,0.5102,0.05,180.077,1.1e-05,87.7,91.3,7.3,3.6,97.4,98.1,34.21,20.63,4.459,0.0432,0.3829,0.1076,37.232,backward_fall,fall
2026-05-06T17:44:04.500000+07:00,2026-05-06T17:44:06.450000+07:00,ล้มไ_03_orig,ล้มไปด้านหลัง,1,original,1.2427,1.1039,4.4361,0.1843,8.715,20.5904,107.165,0.199,28.8337,61.0347,294.3641,0.2023,47.0573,102.2136,320.0483,0.1257,37.2136,52.6047,174.0731,6.0775,167.996,489.3187,6,5,6,0.5231,0.003,2269.1,626.9,0.5906,0.1,94.115,0.002595,89.5,92.2,7.1,2.7,97.4,98.1,32.26,16.56,3.608,0.042,0.3829,0.1169,27.6844,backward_fall,fall
2026-05-06T17:44:05+07:00,2026-05-06T17:44:06.950000+07:00,ล้มไ_03_orig,ล้มไปด้านหลัง,1,original,1.0599,0.5499,4.4361,0.8377,5.0506,17.2215,107.165,0.199,8.9281,30.9124,151.7944,0.2023,2.9897,3.5099,11.8158,0.1257,14.2734,25.9519,173.3235,6.0775,167.246,314.6746,0,1,0,0.1206,-0.003,613.3,496.5,0.6839,0.05,5.979,0.000647,91.2,94.1,6.2,2.9,97.4,98.1,26.53,11.44,2.649,0.0369,0.2183,0.0817,18.9853,backward_fall,fall
2026-05-06T17:44:05.500000+07:00,2026-05-06T17:44:07.450000+07:00,ล้มไ_03_orig,ล้มไปด้านหลัง,1,original,0.9792,0.0435,1.0578,0.8377,1.1969,1.091,4.4813,0.199,1.3415,1.3631,5.591,0.2023,1.4238,2.5277,8.9736,0.1257,9.0609,2.2531,17.528,6.0775,11.45,2.5931,0,0,0,0.0244,0.007,613.3,495.0,0.9383,0.025,2.848,-0.000298,92.8,96.2,5.7,3.4,97.5,98.0,22.05,12.03,2.915,0.4578,0.1101,0.0864,8.9752,backward_fall,fall
2026-05-06T17:44:06+07:00,2026-05-06T17:44:07.950000+07:00,ล้มไ_03_orig,ล้มไปด้านหลัง,1,original,0.9922,0.0068,1.0052,0.981,0.6995,0.2727,1.2766,0.199,0.7097,0.2762,1.306,0.2023,0.3134,0.1315,0.6176,0.1257,8.4057,1.1811,11.2306,6.1678,5.063,0.5618,0,0,0,0.0086,-0.004,567.6,488.0,0.9855,0.0,0.627,-0.001379,94.4,98.3,6.9,3.9,97.5,98.0,24.96,14.79,3.746,1.1381,0.1257,0.0955,9.8773,backward_fall,fall
2026-05-06T17:44:06.500000+07:00,2026-05-06T17:44:08.450000+07:00,ล้มไ_03_orig,ล้มไปด้านหลัง,1,original,0.9915,0.0066,1.0052,0.9773,0.7181,0.2956,1.356,0.1296,0.7294,0.3007,1.3861,0.132,0.333,0.1369,0.6176,0.09,8.0302,1.1077,10.7,5.9634,4.737,0.6008,0,0,0,0.0088,0.006,587.2,489.6,0.985,0.0,0.666,0.000355,96.3,100.4,8.1,4.1,97.5,98.0,27.34,15.96,4.214,1.412,0.1403,0.1103,10.3921,backward_fall,fall
2026-05-06T17:44:07+07:00,2026-05-06T17:44:08.950000+07:00,ล้มไ_03_orig,ล้มไปด้านหลัง,1,original,0.9926,0.0065,1.0054,0.9773,0.6839,0.2944,1.356,0.1296,0.6941,0.2998,1.3861,0.132,0.3187,0.1397,0.5751,0.0332,7.9082,1.0487,10.4634,5.9634,4.5,0.5522,0,0,0,0.008,-0.001,591.2,492.7,0.9862,0.0,0.637,-0.001184,98.4,102.1,7.8,3.7,97.5,98.0,25.65,15.13,4.164,1.4182,0.1501,0.1259,9.3782,backward_fall,fall
2026-05-06T17:44:07.500000+07:00,2026-05-06T17:44:09.450000+07:00,ล้มไ_03_orig,ล้มไปด้านหลัง,1,original,0.9921,0.006,1.0054,0.9773,0.7092,0.3167,1.356,0.1296,0.7202,0.3236,1.3861,0.132,0.3178,0.1343,0.5604,0.0332,7.943,1.1142,10.2615,5.9634,4.298,0.6007,0,0,0,0.0083,0.0,594.9,494.3,0.9862,0.0,0.636,0.000841,100.3,103.3,6.9,3.0,97.6,98.1,22.6,12.93,3.657,1.3024,0.1556,0.1387,7.2998,backward_fall,fall
2026-05-06T17:44:08+07:00,2026-05-06T17:44:09.950000+07:00,ล้มไ_03_orig,ล้มไปด้านหลัง,1,original,0.9918,0.0061,1.0054,0.9773,0.6583,0.3131,1.356,0.1,0.6688,0.3197,1.3861,0.1012,0.3206,0.1441,0.5587,0.0332,8.0401,1.0737,10.2615,5.9634,4.298,0.5289,0,0,0,0.0086,-0.004,647.9,505.2,0.9858,0.0,0.641,0.000876,101.9,104.4,5.9,2.5,97.1,98.0,19.15,10.08,2.93,1.1136,0.1596,0.1482,7.3505,backward_fall,fall
2026-05-06T17:44:08.500000+07:00,2026-05-06T17:44:10.450000+07:00,ล้มไ_03_orig,ล้มไปด้านหลัง,1,original,0.9917,0.0065,1.0054,0.9758,0.6771,0.2842,1.3324,0.1,0.6876,0.2896,1.3607,0.1012,0.3069,0.1321,0.5587,0.0332,8.0127,1.0822,10.2615,6.1816,4.08,0.5372,0,0,0,0.0088,0.005,647.9,505.1,0.9852,0.0,0.614,0.00094,103.3,105.3,4.6,2.0,97.1,98.1,14.39,7.49,2.262,0.9055,0.1604,0.1542,5.8789,backward_fall,fall
2026-05-06T17:44:09+07:00,2026-05-06T17:44:10.950000+07:00,ล้มไ_03_orig,ล้มไปด้านหลัง,1,original,0.99,0.0061,1.0024,0.9758,0.6693,0.2858,1.3324,0.1,0.6805,0.291,1.3607,0.1012,0.3007,0.1227,0.5587,0.0728,8.0868,1.0814,10.2615,6.1816,4.08,0.5275,0,0,0,0.0103,-0.007,647.9,508.7,0.9839,0.0,0.601,-0.001805,104.3,106.5,4.2,2.2,97.1,98.0,14.15,6.41,1.98,0.8268,0.1653,0.1572,6.4668,backward_fall,fall
2026-05-06T17:44:09.500000+07:00,2026-05-06T17:44:11.450000+07:00,ล้มไ_03_orig,ล้มไปด้านหลัง,1,original,0.9902,0.0069,1.0024,0.9758,0.6558,0.2486,1.2909,0.1,0.6665,0.2522,1.3014,0.1012,0.2996,0.1226,0.5587,0.0728,8.1022,0.9889,10.2105,6.2403,3.97,0.4904,0,0,0,0.01,0.004,647.9,505.5,0.9834,0.0,0.599,-0.000238,106.0,111.7,8.3,5.7,97.1,97.9,29.45,11.66,3.486,1.67,0.2107,0.1663,16.7451,backward_fall,fall
2026-05-06T17:44:10+07:00,2026-05-06T17:44:11.950000+07:00,ล้มไ_03_orig,ล้มไปด้านหลัง,1,original,0.9905,0.0068,1.0016,0.9758,0.6648,0.2534,1.2909,0.1575,0.6755,0.2574,1.3014,0.1594,0.3011,0.1284,0.6686,0.0728,8.0722,1.0654,10.2105,6.0937,4.117,0.5045,0,0,0,0.0097,0.001,617.0,499.6,0.9838,0.0,0.602,0.00031,108.6,116.8,12.3,8.2,97.3,98.0,37.36,19.82,6.478,2.4038,0.2531,0.1859,22.4281,backward_fall,fall
2026-05-06T17:44:10.500000+07:00,2026-05-06T17:44:12.450000+07:00,ล้มไ_03_orig,ล้มไปด้านหลัง,1,original,0.9907,0.0059,1.0013,0.9778,0.6211,0.234,1.2726,0.1217,0.6313,0.2385,1.2931,0.1237,0.3258,0.1435,0.6686,0.1082,8.0961,0.9864,10.0431,6.0937,3.949,0.4391,0,0,0,0.0094,-0.007,617.0,500.6,0.985,0.0,0.652,-0.000512,111.8,117.7,12.4,5.9,97.3,97.9,37.79,22.76,7.937,2.5054,0.2611,0.2101,16.136,backward_fall,fall
2026-05-06T17:44:11+07:00,2026-05-06T17:44:12.950000+07:00,ล้มไ_03_orig,ล้มไปด้านหลัง,1,original,0.9913,0.006,1.0013,0.9778,0.6335,0.2505,1.2726,0.1217,0.6437,0.2548,1.2931,0.1237,0.3478,0.1424,0.6686,0.1082,8.0039,0.9962,10.0431,6.0937,3.949,0.4625,0,0,0,0.0089,-0.004,576.6,496.4,0.9854,0.0,0.696,-0.000265,114.8,118.2,11.1,3.4,97.3,98.0,35.25,16.98,5.761,2.2427,0.2611,0.2321,9.2987,backward_fall,fall
2026-05-06T17:44:11.500000+07:00,2026-05-06T17:44:13.450000+07:00,ล้มไ_03_orig,ล้มไปด้านหลัง,1,original,0.9913,0.0057,1.002,0.9804,0.6539,0.2979,1.6446,0.1217,0.6649,0.3036,1.6759,0.1237,0.3696,0.1428,0.6686,0.1082,8.0012,0.9579,10.0431,6.0937,3.949,0.5141,0,0,0,0.009,-0.002,580.5,491.8,0.9856,0.0,0.739,4e-06,117.3,120.0,7.8,2.7,97.0,98.0,25.43,8.42,2.901,1.5759,0.2611,0.2465,8.2357,backward_fall,fall
2026-05-06T17:44:12+07:00,2026-05-06T17:44:13.950000+07:00,ล้มไ_03_orig,ล้มไปด้านหลัง,1,original,0.9904,0.0055,1.002,0.9804,0.7011,0.3349,1.6446,0.1217,0.7128,0.34,1.6759,0.1237,0.3598,0.1476,0.6593,0.0877,7.9701,0.8822,9.7467,6.4283,3.318,0.6009,0,0,0,0.0097,0.006,580.5,489.4,0.9849,0.0,0.72,0.001428,118.9,122.2,4.9,3.3,97.0,98.0,13.13,6.35,2.447,1.1347,0.2648,0.2523,10.0659,backward_fall,fall
2026-05-06T17:44:12.500000+07:00,2026-05-06T17:44:14.450000+07:00,ล้มไ_03_orig,ล้มไปด้านหลัง,1,original,0.9909,0.0059,1.002,0.9804,0.6392,0.3669,1.6446,0.1077,0.6494,0.3724,1.6759,0.1087,0.3356,0.1445,0.6593,0.0877,8.0707,0.8449,9.7467,6.4283,3.318,0.5398,0,0,0,0.0094,0.0,580.5,489.1,0.985,0.0,0.671,0.001013,120.3,123.1,5.3,2.8,97.0,98.0,14.2,8.15,3.308,1.2273,0.2685,0.2544,8.5408,backward_fall,fall
2026-05-06T17:44:13+07:00,2026-05-06T17:44:14.950000+07:00,ล้มไ_03_orig,ล้มไปด้านหลัง,1,original,0.9907,0.0064,1.002,0.9741,0.6093,0.3787,1.6446,0.1077,0.6192,0.3844,1.6759,0.1087,0.3325,0.1353,0.6593,0.0877,8.0471,0.8103,9.7467,6.6207,3.126,0.5111,0,0,0,0.0096,0.0,598.5,495.9,0.9844,0.0,0.665,-0.000645,121.4,123.1,4.8,1.7,97.0,98.0,14.23,6.5,2.372,1.1634,0.2685,0.2547,5.1855,backward_fall,fall
2026-05-06T17:44:13.500000+07:00,2026-05-06T17:44:15.450000+07:00,ล้มไ_03_orig,ล้มไปด้านหลัง,1,original,0.9896,0.0066,1.0013,0.9741,0.5617,0.3422,1.4145,0.1077,0.5712,0.3471,1.427,0.1087,0.3319,0.1458,0.6593,0.086,7.9114,0.8321,9.7467,6.5315,3.215,0.4297,0,0,0,0.0106,-0.001,598.5,503.0,0.9831,0.0,0.664,-0.00122,122.1,123.1,2.9,1.0,97.4,98.0,11.82,2.99,0.336,0.688,0.2685,0.2512,2.6371,backward_fall,fall
2026-05-06T17:44:14+07:00,2026-05-06T17:44:15.950000+07:00,ล้มไ_03_orig,ล้มไปด้านหลัง,1,original,0.9902,0.0071,1.0016,0.9741,0.4869,0.2697,1.2321,0.1077,0.4954,0.2748,1.2454,0.1087,0.341,0.1266,0.5801,0.086,8.0248,0.8155,9.4272,6.5315,2.896,0.308,0,0,0,0.01,-0.002,598.5,504.1,0.9832,0.0,0.682,-0.001116,122.1,123.1,2.4,1.0,97.4,98.0,8.26,2.89,-1.176,0.6161,0.2685,0.2405,2.6324,backward_fall,fall
2026-05-06T17:44:14.500000+07:00,2026-05-06T17:44:16.450000+07:00,ล้มไ_03_orig,ล้มไปด้านหลัง,1,original,0.9898,0.0069,1.0016,0.9741,0.5844,0.3377,1.4094,0.147,0.595,0.3451,1.4509,0.148,0.3478,0.1304,0.6685,0.086,7.9987,0.9202,9.7216,5.7911,3.931,0.4527,0,0,0,0.0104,-0.003,598.5,504.8,0.983,0.0,0.696,0.000728,121.5,122.8,2.7,1.3,97.3,98.0,10.81,3.3,-1.356,0.5476,0.2568,0.2251,3.5609,backward_fall,fall
2026-05-06T17:44:15+07:00,2026-05-06T17:44:16.950000+07:00,ล้มไ_03_orig,ล้มไปด้านหลัง,1,original,0.9894,0.0071,1.0041,0.9764,0.6133,0.3514,1.4183,0.147,0.6245,0.3586,1.4509,0.148,0.3373,0.1417,0.6685,0.086,8.0063,0.9823,9.9951,5.7911,4.204,0.4966,0,0,0,0.0109,0.004,595.2,499.0,0.9825,0.0,0.675,-0.00015,121.7,125.3,5.2,3.6,97.3,98.0,20.15,5.07,0.78,0.9992,0.242,0.2186,9.861,backward_fall,fall
2026-05-06T17:44:15.500000+07:00,2026-05-06T17:44:17.450000+07:00,ล้มไ_03_orig,ล้มไปด้านหลัง,1,original,0.9906,0.0067,1.0041,0.9764,0.6527,0.3656,1.4183,0.147,0.6635,0.3722,1.4509,0.148,0.3176,0.1331,0.6685,0.103,8.2238,0.9788,9.9951,5.7911,4.204,0.5563,0,0,0,0.0097,0.003,595.2,505.9,0.984,0.0,0.635,0.001002,123.1,129.4,9.3,6.3,97.3,98.0,25.24,11.57,4.443,1.7871,0.2708,0.2243,17.2568,backward_fall,fall
2026-05-06T17:44:16+07:00,2026-05-06T17:44:17.950000+07:00,ล้มไ_03_orig,ล้มไปด้านหลัง,1,original,0.9902,0.0067,1.0041,0.9757,0.7133,0.3672,1.4183,0.2049,0.7251,0.3741,1.4509,0.2065,0.3222,0.1398,0.6685,0.103,8.2713,1.0738,10.4415,5.7911,4.65,0.6402,0,0,0,0.01,-0.004,584.9,502.4,0.9837,0.0,0.644,-0.000689,124.7,129.4,9.3,4.8,97.3,97.9,29.12,12.27,4.739,1.6459,0.2708,0.2314,13.148,backward_fall,fall
2026-05-06T17:44:16.500000+07:00,2026-05-06T17:44:18.450000+07:00,ล้มไ_03_orig,ล้มไปด้านหลัง,1,original,0.99,0.0079,1.0041,0.9735,0.6785,0.309,1.4183,0.1939,0.6898,0.3139,1.4313,0.1963,0.3222,0.1266,0.5633,0.103,8.2906,1.0256,10.4415,6.2214,4.22,0.5535,0,0,0,0.0103,-0.005,584.9,503.1,0.9823,0.0,0.644,0.000869,125.3,129.4,8.0,4.1,97.4,98.0,31.46,9.27,-0.13,1.5325,0.2708,0.2302,10.8126,backward_fall,fall
2026-05-06T17:44:17+07:00,2026-05-06T17:44:18.950000+07:00,ล้มไ_03_orig,ล้มไปด้านหลัง,1,original,0.991,0.0076,1.003,0.9735,0.7018,0.2986,1.2259,0.1077,0.7131,0.3037,1.2585,0.1098,0.3294,0.1315,0.5995,0.1233,8.4044,1.0364,10.4415,6.2214,4.22,0.5795,0,0,0,0.0094,-0.005,584.9,504.6,0.9835,0.0,0.659,-0.000293,124.4,129.4,11.1,5.0,97.4,98.0,29.49,13.59,-5.447,2.1264,0.2708,0.2135,13.1636,backward_fall,fall
2026-05-06T17:44:17.500000+07:00,2026-05-06T17:44:19.450000+07:00,ล้มไ_03_orig,ล้มไปด้านหลัง,1,original,0.9913,0.0085,1.0031,0.9735,0.6709,0.286,1.2259,0.1077,0.6823,0.2917,1.2585,0.1098,0.351,0.1366,0.5995,0.1233,8.4299,0.9976,10.4415,6.3851,4.056,0.5299,0,0,0,0.0094,0.003,574.3,493.4,0.9829,0.0,0.702,-0.001058,121.7,129.0,13.7,7.3,97.4,98.0,28.5,16.66,-7.038,2.7094,0.2668,0.1801,19.2189,backward_fall,fall
2026-05-06T17:44:18+07:00,2026-05-06T17:44:19.950000+07:00,ล้มไ_03_orig,ล้มไปด้านหลัง,1,original,0.9919,0.0083,1.0031,0.9735,0.6677,0.3739,1.8113,0.1077,0.679,0.3808,1.8384,0.1098,0.3535,0.1403,0.6282,0.1233,8.2934,1.131,12.1252,6.3851,5.74,0.5821,0,0,0,0.0088,0.001,574.3,493.1,0.9838,0.0,0.707,-0.001726,118.6,125.0,10.6,6.4,97.4,98.0,26.91,13.84,-5.428,1.5727,0.2168,0.1451,16.9459,backward_fall,fall
2026-05-06T17:44:18.500000+07:00,2026-05-06T17:44:20.450000+07:00,ล้มไ_03_orig,ล้มไปด้านหลัง,1,original,0.9916,0.0072,1.0031,0.9758,0.7034,0.4113,1.8113,0.1077,0.7155,0.4196,1.8384,0.1098,0.3548,0.1458,0.6282,0.1233,8.4202,1.12,12.1252,6.3851,5.74,0.6597,0,0,0,0.009,-0.006,587.8,495.6,0.9845,0.0,0.71,-0.000341,117.1,121.0,6.6,3.9,97.4,98.0,24.13,8.01,-1.734,0.9792,0.1741,0.1265,10.3264,backward_fall,fall
2026-05-06T17:44:19+07:00,2026-05-06T17:44:20.950000+07:00,ล้มไ_03_orig,ล้มไปด้านหลัง,1,original,0.9923,0.0076,1.007,0.9758,0.7009,0.3936,1.8113,0.2272,0.7126,0.4017,1.8384,0.2293,0.3429,0.1424,0.6282,0.1269,8.4425,1.1652,12.1252,6.5334,5.592,0.6423,0,0,0,0.0087,0.003,613.7,498.6,0.9848,0.0,0.686,0.000979,117.0,119.6,5.2,2.6,97.4,98.0,21.91,7.27,1.939,0.7889,0.1417,0.1219,6.8843,backward_fall,fall
2026-05-06T17:44:19.500000+07:00,2026-05-06T17:44:21.450000+07:00,ล้มไ_03_orig,ล้มไปด้านหลัง,1,original,0.9919,0.007,1.007,0.9792,0.7131,0.3966,1.8113,0.2272,0.7243,0.4038,1.8384,0.2293,0.3056,0.1319,0.6282,0.1118,8.4632,1.1439,12.1252,6.5334,5.592,0.6618,0,0,0,0.0089,-0.001,613.7,497.1,0.985,0.0,0.611,0.000447,117.7,119.6,5.2,1.9,97.4,98.0,17.61,7.87,2.803,0.7889,0.1417,0.1244,5.0308,backward_fall,fall
2026-05-07T17:32:00+07:00,2026-05-07T17:32:01.950000+07:00,ล้มไ_04_orig,ล้มไปด้านหลัง,1,original,0.9882,0.045,1.0615,0.8836,1.6654,0.582,2.8103,0.0,2.7372,1.0531,5.2094,0.0,28.6871,10.6654,47.257,10.757,104.0834,2.5993,109.4123,99.0889,10.323,3.1039,0,0,0,0.0362,-0.003,571.5,488.1,0.9456,0.0,57.374,0.000443,84.0,84.8,1.3,0.8,97.4,98.1,12.0,3.22,-0.447,0.1148,0.0145,0.0059,2.1884,backward_fall,fall
2026-05-07T17:32:00.500000+07:00,2026-05-07T17:32:02.450000+07:00,ล้มไ_04_orig,ล้มไปด้านหลัง,1,original,0.9896,0.0441,1.0615,0.8836,1.7616,0.568,2.8103,0.5314,2.8467,0.9852,5.2094,0.7824,28.3954,10.7562,47.8996,10.757,104.2232,2.6483,109.4123,98.8314,10.581,3.4177,0,0,0,0.0347,-0.003,624.3,488.4,0.9478,0.0,56.791,0.001576,83.9,84.4,0.9,0.5,97.4,98.1,10.99,2.27,0.244,0.0777,0.0145,0.0062,1.3677,backward_fall,fall
2026-05-07T17:32:01+07:00,2026-05-07T17:32:02.950000+07:00,ล้มไ_04_orig,ล้มไปด้านหลัง,1,original,0.9884,0.0429,1.0615,0.8836,1.7561,0.5806,2.8103,0.5314,2.8524,0.9989,5.101,0.7824,28.7606,10.7963,47.8996,10.9573,103.9622,2.7886,109.4123,98.5602,10.852,3.4126,0,0,0,0.035,0.01,624.3,497.7,0.9477,0.0,57.521,0.001174,84.1,84.9,1.4,0.8,97.4,98.0,10.6,3.56,0.713,0.1181,0.0135,0.0068,2.1861,backward_fall,fall
2026-05-07T17:32:01.500000+07:00,2026-05-07T17:32:03.450000+07:00,ล้มไ_04_orig,ล้มไปด้านหลัง,1,original,0.9866,0.041,1.06,0.9058,1.732,0.5581,2.7778,0.5314,2.8365,0.9823,5.1594,0.7824,29.4822,11.0756,48.3518,10.9573,103.9076,2.6703,109.3152,98.5602,10.755,3.3035,0,0,0,0.0353,0.0,624.3,500.3,0.9478,0.0,58.964,-0.000358,84.5,85.5,1.7,1.0,97.4,98.0,11.05,4.07,0.825,0.1446,0.0229,0.0089,2.7341,backward_fall,fall
2026-05-07T17:32:02+07:00,2026-05-07T17:32:03.950000+07:00,ล้มไ_04_orig,ล้มไปด้านหลัง,1,original,0.9811,0.0429,1.0535,0.8914,1.7811,0.5987,2.8296,0.4123,2.9719,1.1605,5.9729,0.598,30.0025,11.3324,48.8048,10.9573,103.9677,2.7739,109.3152,98.0823,11.233,3.5218,0,0,0,0.0386,0.003,624.3,511.6,0.9408,0.0,60.005,-0.000876,85.0,86.4,2.3,1.4,97.4,98.0,12.71,5.53,1.123,0.188,0.0375,0.016,3.8574,backward_fall,fall
2026-05-07T17:32:02.500000+07:00,2026-05-07T17:32:04.450000+07:00,ล้มไ_04_orig,ล้มไปด้านหลัง,1,original,0.8423,0.2706,1.0479,0.1684,2.9971,3.5087,20.4226,0.4123,14.6946,39.5943,247.1287,0.598,69.0637,90.7247,325.2009,10.9573,97.4772,25.3983,141.464,20.24,121.224,20.9857,8,0,7,0.1705,0.0,618.6,509.2,0.6629,0.05,138.127,0.000257,85.7,87.3,2.8,1.6,97.5,97.9,13.82,7.09,1.471,0.0229,0.3822,0.0681,13.8851,backward_fall,fall
2026-05-07T17:32:03+07:00,2026-05-07T17:32:04.950000+07:00,ล้มไ_04_orig,ล้มไปด้านหลัง,1,original,1.0885,1.1814,4.6776,0.1684,6.2347,15.5814,98.5903,0.4123,37.027,92.2072,541.8777,0.598,108.2791,121.8813,346.5891,8.0286,95.5623,41.1114,179.2908,20.24,159.051,275.5827,14,4,13,0.6114,-0.005,2407.6,658.5,0.499,0.05,216.558,-0.000276,86.5,88.5,3.6,2.0,97.3,97.9,16.12,8.72,1.856,0.0225,0.4485,0.1478,34.6614,backward_fall,fall
2026-05-07T17:32:03.500000+07:00,2026-05-07T17:32:05.450000+07:00,ล้มไ_04_orig,ล้มไปด้านหลัง,1,original,1.1872,1.3321,4.9811,0.1684,9.8922,23.436,117.2491,0.4123,44.4831,95.0267,541.8777,0.598,102.356,126.01,346.5891,1.9838,75.7932,56.122,179.2908,3.1101,176.181,633.3719,14,5,13,0.7122,-0.002,2407.6,658.1,0.5091,0.05,204.712,-0.000253,87.5,89.7,4.1,2.2,97.3,97.9,17.45,9.69,2.114,0.0231,0.4485,0.1618,38.1275,backward_fall,fall
2026-05-07T17:32:04+07:00,2026-05-07T17:32:05.950000+07:00,ล้มไ_04_orig,ล้มไปด้านหลัง,1,original,1.19,1.3316,4.9811,0.1684,9.9069,23.4324,117.2491,0.399,44.2311,95.1385,541.8777,0.5013,95.9019,130.1299,346.5891,0.4148,51.8525,59.3265,179.2908,3.1101,176.181,633.4973,14,5,13,0.7094,0.002,2407.6,648.9,0.5104,0.05,191.804,-0.000265,88.5,90.5,4.0,2.0,97.3,97.9,16.99,9.78,2.18,0.0226,0.4485,0.1687,34.6614,backward_fall,fall
2026-05-07T17:32:04.500000+07:00,2026-05-07T17:32:06.450000+07:00,ล้มไ_04_orig,ล้มไปด้านหลัง,1,original,1.3284,1.2659,4.9811,0.2542,8.4359,23.6249,117.2491,0.0825,31.9854,90.7068,541.8777,0.0838,49.5639,107.3407,346.5891,0.1822,34.3779,54.9011,179.2908,3.1101,176.181,615.3455,6,5,6,0.571,-0.011,2407.6,640.0,0.5863,0.05,99.128,-0.001544,89.5,91.4,4.0,1.9,97.3,98.0,16.71,8.87,2.016,0.0226,0.4485,0.1301,32.9283,backward_fall,fall
2026-05-07T17:32:05+07:00,2026-05-07T17:32:06.950000+07:00,ล้มไ_04_orig,ล้มไปด้านหลัง,1,original,1.0847,0.6327,4.9811,0.8879,4.9084,18.561,117.2491,0.0693,9.0535,32.7298,151.8595,0.071,2.9656,3.6692,14.7068,0.1822,12.2761,25.6101,169.4541,3.1101,166.344,359.9893,0,1,0,0.1233,-0.002,587.6,487.7,0.6644,0.05,5.931,-0.00022,90.8,95.0,6.4,4.2,97.3,98.0,30.23,11.6,2.616,0.0382,0.2632,0.0671,28.5609,backward_fall,fall
2026-05-07T17:32:05.500000+07:00,2026-05-07T17:32:07.450000+07:00,ล้มไ_04_orig,ล้มไปด้านหลัง,1,original,0.9882,0.0214,1.0673,0.9211,1.0401,0.7843,3.3526,0.0693,1.1128,0.9099,4.0139,0.071,1.3162,2.3316,9.6189,0.1364,7.9717,1.9168,14.7674,3.4867,11.281,1.6815,0,0,0,0.0168,-0.007,587.6,491.7,0.9676,0.025,2.632,0.000728,92.9,99.2,9.5,6.3,97.3,98.0,39.61,20.05,4.758,0.7736,0.137,0.0783,17.6928,backward_fall,fall
2026-05-07T17:32:06+07:00,2026-05-07T17:32:07.950000+07:00,ล้มไ_04_orig,ล้มไปด้านหลัง,1,original,0.9887,0.0064,1.0023,0.9758,0.7979,0.4518,1.7549,0.0693,0.8122,0.4588,1.7743,0.071,0.339,0.1349,0.6815,0.1005,7.9254,1.2498,10.3511,5.033,5.318,0.8357,0,0,0,0.0114,0.002,590.5,495.9,0.9825,0.0,0.678,0.001013,95.5,101.4,10.8,5.9,97.2,98.0,42.23,25.8,6.647,1.7094,0.1524,0.1011,16.8131,backward_fall,fall
2026-05-07T17:32:06.500000+07:00,2026-05-07T17:32:08.450000+07:00,ล้มไ_04_orig,ล้มไปด้านหลัง,1,original,0.9879,0.0062,1.0023,0.9755,0.7665,0.4159,1.7549,0.0693,0.7809,0.423,1.7743,0.071,0.3353,0.1403,0.6815,0.1005,7.9148,1.1653,10.3511,5.5673,4.784,0.7562,0,0,0,0.0122,-0.002,592.9,509.4,0.9819,0.0,0.671,-0.000771,98.3,102.4,11.0,4.1,97.2,98.0,42.13,22.93,5.981,1.9019,0.1548,0.1246,11.6837,backward_fall,fall
2026-05-07T17:32:07+07:00,2026-05-07T17:32:08.950000+07:00,ล้มไ_04_orig,ล้มไปด้านหลัง,1,original,0.9884,0.0065,1.0023,0.9755,0.823,0.3953,1.7549,0.1039,0.8378,0.4017,1.7743,0.1053,0.3244,0.1424,0.7911,0.1005,8.138,1.1987,10.9827,5.5673,5.415,0.8297,0,0,0,0.0117,0.002,592.9,506.3,0.9821,0.0,0.649,2.8e-05,100.8,103.9,8.5,3.1,97.2,98.0,32.47,13.96,3.739,1.3249,0.16,0.1437,8.834,backward_fall,fall
2026-05-07T17:32:07.500000+07:00,2026-05-07T17:32:09.450000+07:00,ล้มไ_04_orig,ล้มไปด้านหลัง,1,original,0.9895,0.0071,1.0039,0.9755,0.7876,0.3538,1.7549,0.2631,0.8008,0.3593,1.7743,0.2687,0.3074,0.1423,0.7911,0.0616,8.363,1.087,10.9827,6.0244,4.958,0.7424,0,0,0,0.0108,0.006,592.9,504.8,0.9825,0.0,0.615,0.00103,102.7,106.0,6.4,3.3,97.2,98.0,21.56,9.42,2.805,1.0741,0.1713,0.1553,9.4039,backward_fall,fall
2026-05-07T17:32:08+07:00,2026-05-07T17:32:09.950000+07:00,ล้มไ_04_orig,ล้มไปด้านหลัง,1,original,0.9904,0.0067,1.0039,0.9755,0.7643,0.3388,1.5496,0.1612,0.7761,0.3436,1.577,0.1645,0.3002,0.1455,0.7911,0.0616,8.3084,1.0817,10.9827,5.54,5.443,0.6961,0,0,0,0.0098,0.013,605.0,505.3,0.9838,0.0,0.6,0.001214,104.3,107.5,6.0,3.2,97.5,98.0,18.38,11.05,3.407,0.9313,0.18,0.1622,8.1262,backward_fall,fall
2026-05-07T17:32:08.500000+07:00,2026-05-07T17:32:10.450000+07:00,ล้มไ_04_orig,ล้มไปด้านหลัง,1,original,0.9914,0.0065,1.0039,0.978,0.7808,0.3405,1.5496,0.1612,0.7925,0.3454,1.577,0.1645,0.3061,0.1452,0.7911,0.0616,8.2878,1.0692,10.9827,5.54,5.443,0.7227,0,0,0,0.0089,0.003,605.0,495.6,0.985,0.0,0.612,0.000171,105.7,107.7,5.2,2.0,97.6,98.0,17.58,10.07,3.088,0.8071,0.18,0.1676,4.8757,backward_fall,fall
2026-05-07T17:32:09+07:00,2026-05-07T17:32:10.950000+07:00,ล้มไ_04_orig,ล้มไปด้านหลัง,1,original,0.9919,0.0061,1.0039,0.978,0.7638,0.3929,1.8454,0.1612,0.7738,0.397,1.8656,0.1645,0.27,0.1389,0.5357,0.0412,8.259,1.2106,11.5255,5.54,5.985,0.7339,0,0,0,0.0084,-0.006,605.0,506.3,0.9859,0.0,0.54,-0.001009,106.9,108.3,4.2,1.4,97.6,98.0,16.87,6.3,1.809,0.6012,0.18,0.1705,3.4227,backward_fall,fall
2026-05-07T17:32:09.500000+07:00,2026-05-07T17:32:11.450000+07:00,ล้มไ_04_orig,ล้มไปด้านหลัง,1,original,0.9907,0.0065,1.0015,0.9775,0.8281,0.4201,1.9144,0.1612,0.8402,0.4252,1.9404,0.1645,0.2751,0.1339,0.5088,0.0412,8.1378,1.3282,11.5255,4.7651,6.76,0.8578,0,0,0,0.0095,-0.004,613.4,505.1,0.9843,0.0,0.55,-0.000244,108.4,113.2,7.0,4.8,97.6,98.0,27.25,8.75,2.512,0.902,0.2091,0.1773,11.7435,backward_fall,fall
2026-05-07T17:32:10+07:00,2026-05-07T17:32:11.950000+07:00,ล้มไ_04_orig,ล้มไปด้านหลัง,1,original,0.9903,0.0072,1.0086,0.9775,0.8551,0.3969,1.9144,0.1673,0.8683,0.4015,1.9404,0.1695,0.2749,0.1408,0.5088,0.0412,8.3016,1.3625,11.5255,4.7651,6.76,0.8849,0,0,0,0.0103,0.002,613.4,504.8,0.9832,0.0,0.55,0.001235,110.6,118.2,10.7,7.6,97.6,98.0,34.44,17.08,5.62,1.3788,0.2531,0.1916,18.5939,backward_fall,fall
2026-05-07T17:32:10.500000+07:00,2026-05-07T17:32:12.450000+07:00,ล้มไ_04_orig,ล้มไปด้านหลัง,1,original,0.9906,0.0067,1.0086,0.9775,0.8454,0.3996,1.9144,0.1755,0.8578,0.4038,1.9404,0.178,0.2681,0.1374,0.5081,0.0412,8.3459,1.3732,11.5255,4.7651,6.76,0.8705,0,0,0,0.0099,0.004,613.4,507.5,0.984,0.0,0.536,0.000841,113.5,119.7,12.0,6.2,97.4,98.0,35.18,21.23,7.665,1.5463,0.2597,0.212,16.4328,backward_fall,fall
2026-05-07T17:32:11+07:00,2026-05-07T17:32:12.950000+07:00,ล้มไ_04_orig,ล้มไปด้านหลัง,1,original,0.9917,0.0076,1.0086,0.9775,0.8102,0.354,1.9144,0.0825,0.8222,0.3587,1.9404,0.0833,0.2737,0.1305,0.5617,0.0714,8.4521,1.2991,11.051,4.7651,6.286,0.7786,0,0,0,0.0095,-0.011,613.4,500.1,0.9842,0.0,0.547,-0.001036,116.6,121.0,12.2,4.4,97.4,98.0,33.71,17.26,6.28,1.6745,0.2597,0.2343,11.662,backward_fall,fall
2026-05-07T17:32:11.500000+07:00,2026-05-07T17:32:13.450000+07:00,ล้มไ_04_orig,ล้มไปด้านหลัง,1,original,0.9929,0.0068,1.0086,0.9775,0.7752,0.4048,1.7227,0.0825,0.7855,0.4092,1.7338,0.0833,0.2747,0.121,0.5617,0.0714,8.6397,1.3155,11.8286,5.2127,6.616,0.7607,0,0,0,0.0083,0.003,588.2,501.6,0.9861,0.0,0.549,-0.001531,119.1,121.3,7.6,2.2,97.4,98.0,23.94,9.23,3.325,0.9979,0.2597,0.2487,5.8192,backward_fall,fall
2026-05-07T17:32:12+07:00,2026-05-07T17:32:13.950000+07:00,ล้มไ_04_orig,ล้มไปด้านหลัง,1,original,0.9926,0.0066,1.0069,0.9744,0.7326,0.4193,1.7227,0.08,0.7429,0.4258,1.7338,0.081,0.2938,0.1332,0.5659,0.0592,8.5697,1.2761,11.8286,5.2127,6.616,0.7081,0,0,0,0.0081,0.002,588.2,497.3,0.986,0.0,0.588,-0.000184,120.2,121.3,2.7,1.1,97.4,98.0,9.83,3.16,0.78,0.3545,0.2597,0.2481,2.9096,backward_fall,fall
2026-05-07T17:32:12.500000+07:00,2026-05-07T17:32:14.450000+07:00,ล้มไ_04_orig,ล้มไปด้านหลัง,1,original,0.9925,0.0071,1.0069,0.974,0.801,0.4445,1.8654,0.08,0.8126,0.4507,1.8824,0.081,0.3188,0.1402,0.5659,0.0592,8.6821,1.3173,11.8286,5.2127,6.616,0.8342,0,0,0,0.0082,0.009,588.2,499.8,0.9855,0.0,0.638,0.001709,120.6,123.0,3.4,2.4,97.5,98.0,20.28,2.91,0.129,0.4464,0.2584,0.2409,6.1129,backward_fall,fall
2026-05-07T17:32:13+07:00,2026-05-07T17:32:14.950000+07:00,ล้มไ_04_orig,ล้มไปด้านหลัง,1,original,0.9921,0.0063,1.002,0.974,0.8041,0.46,1.8654,0.08,0.8161,0.4667,1.8824,0.081,0.3286,0.1208,0.5659,0.0592,8.5686,1.3109,11.8286,5.2127,6.616,0.8529,0,0,0,0.0081,0.003,588.2,497.4,0.9859,0.0,0.657,0.001531,122.1,129.1,9.5,7.0,97.5,98.0,30.45,10.65,3.32,1.2474,0.2952,0.245,17.8294,backward_fall,fall
2026-05-07T17:32:13.500000+07:00,2026-05-07T17:32:15.450000+07:00,ล้มไ_04_orig,ล้มไปด้านหลัง,1,original,0.9923,0.0075,1.0081,0.974,0.7941,0.3967,1.8654,0.08,0.807,0.4044,1.8824,0.081,0.3346,0.1283,0.5659,0.0592,8.4748,1.1223,10.998,5.8329,5.165,0.784,0,0,0,0.0085,0.008,586.3,497.9,0.9849,0.0,0.669,0.001113,124.7,132.8,13.2,8.1,97.3,97.9,35.48,18.29,7.74,2.1411,0.3264,0.2607,22.2817,backward_fall,fall
2026-05-07T17:32:14+07:00,2026-05-07T17:32:15.950000+07:00,ล้มไ_04_orig,ล้มไปด้านหลัง,1,original,0.9918,0.0076,1.0081,0.974,0.7876,0.369,1.8654,0.2474,0.8007,0.3749,1.8824,0.249,0.3561,0.1266,0.7363,0.1208,8.3617,1.0907,10.998,5.894,5.104,0.7532,0,0,0,0.009,-0.002,642.5,502.4,0.9844,0.0,0.712,-0.001364,127.0,132.8,13.2,5.8,97.3,97.9,37.8,16.35,6.102,2.1625,0.3264,0.2728,15.9548,backward_fall,fall
2026-05-07T17:32:14.500000+07:00,2026-05-07T17:32:16.450000+07:00,ล้มไ_04_orig,ล้มไปด้านหลัง,1,original,0.9929,0.0071,1.0081,0.9768,0.6914,0.3449,1.4867,0.151,0.7027,0.3519,1.5096,0.1531,0.3462,0.1408,0.7363,0.1118,8.6014,1.1512,10.8997,5.894,5.006,0.5941,0,0,0,0.0081,0.002,642.5,503.4,0.986,0.0,0.692,-0.00072,128.2,132.8,9.2,4.6,97.3,97.9,34.62,9.88,-0.753,1.5319,0.3264,0.274,12.6075,backward_fall,fall
2026-05-07T17:32:15+07:00,2026-05-07T17:32:16.950000+07:00,ล้มไ_04_orig,ล้มไปด้านหลัง,1,original,0.9925,0.0072,1.0081,0.9768,0.709,0.3344,1.4811,0.151,0.7208,0.3411,1.5032,0.1531,0.3582,0.1495,0.7363,0.1118,8.64,1.0916,10.8997,5.894,5.006,0.6117,0,0,0,0.0084,-0.005,642.5,507.9,0.9854,0.0,0.716,-9.8e-05,127.6,132.8,9.6,5.2,97.3,97.9,26.26,11.83,-5.269,1.5985,0.3264,0.2572,14.251,backward_fall,fall
2026-05-07T17:32:15.500000+07:00,2026-05-07T17:32:17.450000+07:00,ล้มไ_04_orig,ล้มไปด้านหลัง,1,original,0.9916,0.006,1.0042,0.9772,0.6872,0.3226,1.4811,0.151,0.6984,0.3283,1.5032,0.1531,0.3605,0.1449,0.7363,0.1118,8.6554,1.0514,10.8997,5.894,5.006,0.5737,0,0,0,0.0086,-0.001,642.5,504.5,0.9857,0.0,0.721,0.001206,125.3,131.1,9.0,5.8,97.3,97.9,19.89,10.24,-4.473,1.4986,0.3005,0.2257,15.8954,backward_fall,fall
2026-05-07T17:32:16+07:00,2026-05-07T17:32:17.950000+07:00,ล้มไ_04_orig,ล้มไปด้านหลัง,1,original,0.9914,0.0052,1.0042,0.9818,0.6707,0.3133,1.4811,0.151,0.6812,0.3186,1.5032,0.1531,0.3223,0.1358,0.7089,0.0954,8.669,1.1242,10.8997,6.0914,4.808,0.5456,0,0,0,0.0088,-0.008,578.8,496.4,0.9863,0.0,0.645,-0.000475,123.6,127.3,5.2,3.7,97.3,98.0,14.52,5.61,-2.258,0.8953,0.2526,0.2003,10.1402,backward_fall,fall
2026-05-07T17:32:16.500000+07:00,2026-05-07T17:32:18.450000+07:00,ล้มไ_04_orig,ล้มไปด้านหลัง,1,original,0.9899,0.0051,0.9992,0.9795,0.6872,0.3182,1.4811,0.2049,0.6987,0.3242,1.505,0.2081,0.3105,0.1174,0.6204,0.0954,8.1848,1.0763,10.3235,5.7312,4.592,0.571,0,0,0,0.0101,-0.006,578.8,491.4,0.9849,0.0,0.621,-0.002488,122.9,124.3,2.2,1.4,97.3,98.0,7.75,2.39,-0.64,0.3934,0.2136,0.1868,3.8369,backward_fall,fall
2026-05-07T17:32:17+07:00,2026-05-07T17:32:18.950000+07:00,ล้มไ_04_orig,ล้มไปด้านหลัง,1,original,0.9888,0.0062,0.9999,0.973,0.6983,0.3463,1.6173,0.2049,0.7107,0.3527,1.629,0.2081,0.3093,0.1038,0.5312,0.0954,7.9644,1.1549,10.3848,5.2031,5.182,0.6046,0,0,0,0.0112,-0.003,570.3,492.5,0.9828,0.0,0.619,-0.00103,122.6,123.1,1.0,0.5,97.3,98.0,6.66,1.13,0.14,0.1618,0.1951,0.1784,1.372,backward_fall,fall
2026-05-07T17:32:17.500000+07:00,2026-05-07T17:32:19.450000+07:00,ล้มไ_04_orig,ล้มไปด้านหลัง,1,original,0.9898,0.0064,0.9999,0.973,0.7119,0.3358,1.6173,0.2049,0.7236,0.3415,1.629,0.2081,0.3052,0.1074,0.5294,0.0943,7.8495,1.0774,10.3848,5.2031,5.182,0.6167,0,0,0,0.0102,0.008,596.4,496.1,0.9835,0.0,0.61,0.00046,122.4,123.0,1.4,0.6,97.4,98.0,6.14,1.56,-0.243,0.2265,0.1807,0.1711,1.5854,backward_fall,fall
2026-05-07T17:32:18+07:00,2026-05-07T17:32:19.950000+07:00,ล้มไ_04_orig,ล้มไปด้านหลัง,1,original,0.9908,0.0069,1.003,0.973,0.6936,0.346,1.6173,0.18,0.7045,0.3522,1.629,0.1827,0.294,0.1039,0.4627,0.0781,8.0178,1.1305,10.3848,5.2031,5.182,0.5978,0,0,0,0.0094,-0.003,596.4,502.3,0.984,0.0,0.588,0.0007,122.0,123.0,3.8,1.0,97.4,98.0,12.3,4.1,-1.518,0.6147,0.1786,0.1615,2.6424,backward_fall,fall
2026-05-07T17:32:18.500000+07:00,2026-05-07T17:32:20.450000+07:00,ล้มไ_04_orig,ล้มไปด้านหลัง,1,original,0.9909,0.007,1.003,0.973,0.7257,0.3354,1.6173,0.18,0.737,0.3412,1.629,0.1827,0.2871,0.1076,0.4667,0.064,8.0491,1.1981,10.3848,5.1077,5.277,0.6363,0,0,0,0.0094,-0.007,610.9,510.0,0.984,0.0,0.574,-0.000749,120.7,123.0,6.9,2.3,97.4,98.0,18.21,8.78,-3.411,1.0992,0.1753,0.1442,6.0774,backward_fall,fall
2026-05-07T17:32:19+07:00,2026-05-07T17:32:20.950000+07:00,ล้มไ_04_orig,ล้มไปด้านหลัง,1,original,0.9916,0.0054,1.003,0.9803,0.6765,0.2769,1.4337,0.18,0.6863,0.2816,1.4569,0.1827,0.2853,0.1211,0.5536,0.064,8.2433,1.1227,10.3396,5.1077,5.232,0.5324,0,0,0,0.0086,0.0,610.9,511.1,0.9863,0.0,0.571,0.000362,118.8,122.3,7.7,3.5,97.1,98.1,21.51,11.7,-4.577,1.2356,0.1633,0.1222,10.2979,backward_fall,fall
2026-05-07T17:32:19.500000+07:00,2026-05-07T17:32:21.450000+07:00,ล้มไ_04_orig,ล้มไปด้านหลัง,1,original,0.9901,0.0061,1.003,0.978,0.7253,0.3409,1.7557,0.18,0.7371,0.3477,1.7993,0.1827,0.2915,0.1215,0.5536,0.064,8.3582,1.2277,10.3396,5.1077,5.232,0.6393,0,0,0,0.0101,0.004,610.9,507.0,0.9841,0.0,0.583,0.001144,117.5,121.5,6.9,4.0,97.1,98.0,23.81,8.99,-2.594,1.1072,0.1505,0.1072,11.8087,backward_fall,fall
