pc_timestamp_iso,ms,ax,ay,az,gx,gy,gz,mx,my,mz,press,baro_t,prox,cr,cg,cb,light,gesture,mic,p2p
2026-05-28T00:02:52.234,2465232,-0.88,-0.49,-0.03,4.2,4.0,2.0,-28.8,46.8,23.8,101.107,36.54,0,1,0,0,1,NONE,76,400
2026-05-28T00:02:52.270,2465268,-0.89,-0.49,-0.04,3.8,3.5,2.3,-28.8,46.8,24.5,101.111,36.55,0,1,1,1,3,NONE,64,468
2026-05-28T00:02:52.321,2465319,-0.89,-0.49,-0.03,3.8,3.7,2.3,-29.0,47.5,24.4,101.113,36.57,0,1,1,1,3,NONE,49,404
2026-05-28T00:02:52.375,2465371,-0.89,-0.48,-0.04,3.4,2.9,2.4,-28.7,46.9,24.2,101.111,36.57,0,1,1,1,3,NONE,61,388
2026-05-28T00:02:52.424,2465423,-0.88,-0.49,-0.04,4.8,3.7,2.4,-29.3,47.1,23.0,101.109,36.58,0,1,1,1,3,NONE,47,270
2026-05-28T00:02:52.474,2465471,-0.88,-0.48,-0.04,5.1,3.1,1.8,-29.4,46.5,23.8,101.108,36.58,0,1,1,1,3,NONE,61,351
2026-05-28T00:02:52.520,2465519,-0.88,-0.49,-0.04,5.4,2.9,1.6,-29.0,47.0,24.4,101.107,36.58,0,1,1,1,3,NONE,68,403
2026-05-28T00:02:52.575,2465571,-0.88,-0.49,-0.03,6.3,3.4,1.8,-28.6,46.8,25.6,101.11,36.59,0,1,1,1,3,NONE,68,389
2026-05-28T00:02:52.624,2465621,-0.89,-0.48,-0.04,5.6,2.4,2.0,-28.6,46.8,25.2,101.109,36.59,0,1,1,1,3,NONE,64,462
2026-05-28T00:02:52.668,2465669,-0.89,-0.49,-0.04,5.1,2.9,2.2,-28.9,46.8,24.7,101.11,36.59,0,1,1,1,3,NONE,86,470
2026-05-28T00:02:52.726,2465721,-0.89,-0.49,-0.04,5.7,3.5,2.3,-28.6,47.2,24.0,101.109,36.6,0,1,1,1,3,NONE,55,288
2026-05-28T00:02:52.778,2465773,-0.88,-0.49,-0.04,5.2,3.9,2.0,-28.7,46.8,23.8,101.109,36.61,0,1,1,1,3,NONE,70,400
2026-05-28T00:02:52.819,2465819,-0.89,-0.48,-0.04,4.8,4.0,2.4,-28.9,46.9,25.4,101.108,36.6,0,1,1,1,3,NONE,92,544
2026-05-28T00:02:52.876,2465871,-0.89,-0.49,-0.05,6.2,4.3,2.3,-28.6,46.4,23.6,101.113,36.61,0,1,1,1,3,NONE,81,516
2026-05-28T00:02:52.920,2465919,-0.88,-0.48,-0.05,6.6,4.5,2.3,-28.8,46.6,25.1,101.109,36.61,0,1,1,1,3,NONE,128,702
2026-05-28T00:02:52.974,2465971,-0.89,-0.49,-0.05,6.8,4.0,1.8,-29.0,45.9,24.3,101.11,36.61,0,1,1,1,3,NONE,84,615
2026-05-28T00:02:53.026,2466023,-0.88,-0.5,-0.04,5.7,4.2,1.5,-28.5,46.2,23.8,101.117,36.62,0,1,1,1,3,NONE,58,369
2026-05-28T00:02:53.074,2466071,-0.89,-0.49,-0.05,3.5,3.5,1.3,-29.1,46.0,24.9,101.107,36.61,0,1,1,1,3,NONE,35,226
2026-05-28T00:02:53.121,2466119,-0.89,-0.49,-0.04,2.9,5.2,1.6,-28.7,46.4,24.4,101.111,36.62,0,1,1,1,3,NONE,51,317
2026-05-28T00:02:53.175,2466171,-0.88,-0.5,-0.03,2.4,5.7,1.7,-28.9,45.9,23.3,101.109,36.62,0,1,1,1,3,NONE,37,239
2026-05-28T00:02:53.224,2466221,-0.89,-0.48,-0.04,0.7,4.5,1.9,-28.6,45.8,24.4,101.105,36.62,0,1,1,1,3,NONE,22,130
2026-05-28T00:02:53.270,2466270,-0.88,-0.49,-0.03,0.1,4.4,1.2,-28.8,45.8,23.6,101.115,36.62,0,1,1,1,3,NONE,29,151
2026-05-28T00:02:53.325,2466321,-0.89,-0.48,-0.03,0.5,4.0,0.7,-28.9,46.1,23.9,101.11,36.62,0,1,1,1,3,NONE,46,241
2026-05-28T00:02:53.375,2466373,-0.88,-0.49,-0.03,0.2,3.4,0.5,-29.0,46.7,24.6,101.111,36.63,0,1,1,1,3,NONE,35,217
2026-05-28T00:02:53.420,2466419,-0.89,-0.48,-0.03,0.7,3.5,1.3,-29.7,46.5,24.3,101.114,36.63,0,1,1,1,3,NONE,31,201
2026-05-28T00:02:53.475,2466471,-0.89,-0.48,-0.04,1.2,2.7,1.8,-29.1,46.8,24.6,101.111,36.63,0,1,1,1,3,NONE,31,180
2026-05-28T00:02:53.521,2466519,-0.88,-0.48,-0.03,2.3,3.2,1.4,-29.0,46.8,24.6,101.112,36.63,0,1,1,1,3,NONE,31,187
2026-05-28T00:02:53.574,2466571,-0.89,-0.48,-0.03,3.3,3.2,1.4,-29.2,46.3,23.8,101.11,36.63,0,1,1,1,3,NONE,22,166
2026-05-28T00:02:53.624,2466623,-0.89,-0.49,-0.03,3.4,3.4,2.0,-28.8,46.4,24.9,101.113,36.62,0,1,1,1,3,NONE,25,124
2026-05-28T00:02:53.674,2466671,-0.89,-0.48,-0.02,3.7,3.5,1.3,-29.1,46.6,24.1,101.11,36.63,0,1,1,1,3,NONE,24,102
2026-05-28T00:02:53.721,2466719,-0.89,-0.48,-0.03,2.9,3.1,1.0,-28.7,46.3,24.0,101.111,36.64,0,1,1,1,3,NONE,14,80
2026-05-28T00:02:53.774,2466771,-0.89,-0.48,-0.03,2.9,2.9,1.3,-29.5,46.6,23.8,101.111,36.63,0,1,1,1,3,NONE,23,99
2026-05-28T00:02:53.823,2466821,-0.89,-0.48,-0.03,2.7,2.6,1.5,-29.2,46.5,24.5,101.113,36.64,0,1,1,1,3,NONE,21,111
2026-05-28T00:02:53.866,2466869,-0.89,-0.48,-0.03,3.2,2.6,2.0,-28.7,46.7,23.1,101.113,36.63,0,1,1,1,3,NONE,29,141
2026-05-28T00:02:53.924,2466921,-0.89,-0.47,-0.03,3.4,2.8,2.4,-29.4,46.7,24.9,101.11,36.64,0,1,1,1,3,NONE,24,137
2026-05-28T00:02:53.974,2466973,-0.89,-0.48,-0.03,4.3,4.2,2.6,-29.2,46.5,22.9,101.112,36.64,0,1,1,1,3,NONE,29,150
2026-05-28T00:02:54.021,2467019,-0.88,-0.49,-0.03,4.3,3.8,2.5,-29.4,46.7,23.9,101.108,36.63,0,1,1,1,3,NONE,25,134
2026-05-28T00:02:54.075,2467071,-0.88,-0.49,-0.03,3.8,4.2,2.4,-28.6,46.9,23.5,101.109,36.64,0,1,1,1,3,NONE,25,140
2026-05-28T00:02:54.121,2467119,-0.88,-0.49,-0.03,2.7,3.0,1.6,-29.2,47.3,23.1,101.109,36.64,0,1,1,1,3,NONE,20,115
2026-05-28T00:02:54.174,2467171,-0.89,-0.48,-0.02,2.0,2.9,1.5,-29.0,46.8,24.7,101.111,36.63,0,1,1,1,3,NONE,25,102
2026-05-28T00:02:54.224,2467221,-0.88,-0.48,-0.03,1.8,3.0,1.2,-28.9,46.8,24.5,101.11,36.63,0,1,1,1,3,NONE,35,185
2026-05-28T00:02:54.267,2467269,-0.89,-0.48,-0.03,1.8,2.7,1.3,-29.3,47.2,23.8,101.114,36.63,0,1,1,1,3,NONE,31,194
2026-05-28T00:02:54.326,2467321,-0.89,-0.48,-0.02,1.8,3.1,1.4,-29.1,47.0,24.5,101.114,36.65,0,1,1,1,3,NONE,33,206
2026-05-28T00:02:54.375,2467373,-0.89,-0.48,-0.03,0.4,1.3,1.8,-29.3,47.2,23.8,101.112,36.64,0,1,1,1,3,NONE,29,165
2026-05-28T00:02:54.421,2467419,-0.88,-0.48,-0.02,0.5,2.4,1.1,-29.1,47.3,23.4,101.106,36.63,0,1,1,1,3,NONE,22,163
2026-05-28T00:02:54.475,2467471,-0.9,-0.47,-0.02,1.0,1.9,0.4,-28.9,47.7,23.6,101.111,36.63,0,1,1,1,3,NONE,27,121
2026-05-28T00:02:54.518,2467519,-0.88,-0.48,-0.02,0.2,2.5,-0.1,-29.2,46.8,23.5,101.111,36.64,0,1,1,1,3,NONE,25,146
2026-05-28T00:02:54.574,2467571,-0.89,-0.46,-0.02,0.5,3.3,0.3,-29.0,47.3,23.7,101.112,36.64,0,1,1,1,3,NONE,30,163
2026-05-28T00:02:54.616,2467620,-0.9,-0.47,-0.03,2.1,4.3,1.2,-29.0,47.3,23.7,101.109,36.64,0,1,1,1,3,NONE,30,161
2026-05-28T00:02:54.671,2467669,-0.89,-0.47,-0.03,2.5,4.8,1.3,-29.0,47.4,23.5,101.11,36.64,0,1,1,1,3,NONE,45,226
2026-05-28T00:02:54.725,2467721,-0.89,-0.47,-0.03,2.9,4.1,2.4,-29.5,47.9,22.6,101.109,36.64,0,1,1,1,3,NONE,30,143
2026-05-28T00:02:54.773,2467769,-0.88,-0.48,-0.02,2.6,3.6,2.7,-29.1,48.3,23.4,101.109,36.64,0,1,1,1,3,NONE,42,232
2026-05-28T00:02:54.825,2467821,-0.89,-0.47,-0.03,1.9,3.5,2.0,-29.2,48.1,22.7,101.112,36.65,0,1,1,1,3,NONE,32,171
2026-05-28T00:02:54.872,2467869,-0.88,-0.46,-0.02,2.0,1.9,0.5,-29.7,47.5,23.8,101.11,36.64,0,1,1,1,3,NONE,31,184
2026-05-28T00:02:54.923,2467921,-0.87,-0.48,-0.02,-2.3,-0.5,-1.9,-29.0,48.3,24.3,101.109,36.65,0,1,1,1,3,NONE,18,111
2026-05-28T00:02:54.973,2467973,-0.87,-0.47,0.01,-5.0,-2.2,-3.7,-28.9,48.1,22.3,101.113,36.65,0,1,1,1,3,NONE,28,149
2026-05-28T00:02:55.017,2468019,-0.89,-0.45,-0.03,-2.4,-0.9,-4.9,-29.0,47.9,23.7,101.114,36.65,0,1,1,1,3,NONE,52,236
2026-05-28T00:02:55.073,2468071,-0.97,-0.46,-0.03,-5.6,3.2,-7.1,-28.9,48.1,22.9,101.11,36.65,0,1,1,1,3,NONE,44,233
2026-05-28T00:02:55.117,2468119,-0.93,-0.5,-0.0,-6.2,11.8,-4.6,-29.8,48.3,23.0,101.111,36.64,0,1,1,1,3,NONE,41,144
2026-05-28T00:02:55.173,2468171,-0.84,-0.52,-0.03,-3.4,13.6,3.4,-29.8,48.4,22.9,101.111,36.65,0,1,1,1,3,NONE,36,202
2026-05-28T00:02:55.223,2468221,-0.93,-0.46,-0.05,-4.5,9.4,7.1,-29.6,48.8,23.1,101.106,36.64,0,1,1,1,3,NONE,103,444
2026-05-28T00:02:55.269,2468270,-0.92,-0.46,-0.03,-3.7,12.9,9.3,-29.6,48.8,22.8,101.111,36.65,0,1,1,1,3,NONE,99,544
2026-05-28T00:02:55.324,2468321,-0.94,-0.48,-0.01,-1.6,20.4,9.5,-30.5,49.5,22.9,101.112,36.64,0,1,1,1,3,NONE,66,422
2026-05-28T00:02:55.375,2468373,-0.89,-0.48,-0.0,-4.0,23.6,9.9,-31.0,48.9,21.5,101.115,36.65,0,1,1,1,3,NONE,53,320
2026-05-28T00:02:55.417,2468419,-0.9,-0.47,-0.01,-5.9,25.3,7.3,-31.0,49.8,21.9,101.107,36.64,0,1,1,1,3,NONE,49,357
2026-05-28T00:02:55.474,2468472,-0.87,-0.48,-0.0,-4.8,20.6,2.0,-31.2,50.5,21.1,101.112,36.65,0,1,1,1,3,NONE,62,396
2026-05-28T00:02:55.523,2468519,-0.75,-0.52,0.03,-6.7,14.6,-7.3,-31.4,50.5,21.2,101.109,36.64,0,1,1,1,3,NONE,44,283
2026-05-28T00:02:55.575,2468571,-0.88,-0.51,0.07,-22.6,-3.2,-12.3,-32.0,50.5,20.3,101.109,36.64,0,1,1,1,3,NONE,65,168
2026-05-28T00:02:55.624,2468623,-0.99,-0.31,0.18,-21.7,10.1,-12.3,-32.3,50.9,20.8,101.109,36.65,0,1,1,1,3,NONE,46,190
2026-05-28T00:02:55.673,2468671,-0.83,-0.42,0.18,-9.5,19.2,-12.7,-32.9,51.2,19.6,101.11,36.65,0,1,1,1,3,NONE,43,270
2026-05-28T00:02:55.723,2468719,-0.86,-0.42,0.2,-3.0,12.9,-3.1,-33.7,51.2,19.4,101.11,36.65,0,1,1,1,3,NONE,49,242
2026-05-28T00:02:55.774,2468772,-0.94,-0.5,0.28,-6.3,13.5,-5.0,-33.7,51.2,18.6,101.111,36.65,0,1,1,1,3,NONE,53,285
2026-05-28T00:02:55.825,2468821,-0.88,-0.45,0.26,-26.8,8.2,-10.1,-34.1,51.9,19.9,101.108,36.64,0,1,1,1,3,NONE,41,203
2026-05-28T00:02:55.874,2468870,-0.89,-0.3,0.24,-26.7,6.3,-8.3,-34.1,51.6,19.7,101.112,36.65,0,1,1,1,3,NONE,65,346
2026-05-28T00:02:55.924,2468921,-0.89,-0.29,0.25,-15.6,11.8,-3.7,-35.0,52.1,16.8,101.114,36.65,0,1,1,1,3,NONE,69,345
2026-05-28T00:02:55.975,2468973,-0.89,-0.23,0.22,-0.6,9.8,-2.3,-35.5,52.0,17.8,101.109,36.64,0,1,1,1,3,NONE,59,272
2026-05-28T00:02:56.018,2469019,-0.92,-0.34,0.24,8.6,5.7,-0.8,-35.3,52.4,17.2,101.112,36.65,0,1,1,1,3,NONE,51,373
2026-05-28T00:02:56.075,2469071,-0.91,-0.36,0.25,2.1,-2.4,2.9,-35.4,51.8,16.5,101.114,36.64,0,1,1,1,3,NONE,40,243
2026-05-28T00:02:56.123,2469119,-0.94,-0.33,0.26,2.3,-4.2,2.9,-35.2,52.3,18.6,101.109,36.65,0,1,1,1,3,NONE,34,236
2026-05-28T00:02:56.176,2469171,-0.92,-0.33,0.23,6.0,-3.2,4.6,-35.1,51.6,18.2,101.107,36.64,0,1,1,1,3,NONE,40,197
2026-05-28T00:02:56.224,2469221,-0.95,-0.34,0.21,10.3,-2.7,8.4,-34.6,52.2,16.0,101.111,36.65,0,1,1,1,3,NONE,52,283
2026-05-28T00:02:56.274,2469270,-0.93,-0.35,0.17,4.2,-6.2,11.2,-34.2,52.1,16.9,101.109,36.65,0,1,1,1,3,NONE,61,419
2026-05-28T00:02:56.324,2469321,-0.92,-0.33,0.16,6.4,-8.4,11.1,-33.8,51.8,17.3,101.109,36.64,0,1,1,1,3,NONE,39,230
2026-05-28T00:02:56.375,2469373,-0.89,-0.29,0.11,10.6,-12.4,8.5,-33.4,52.6,17.2,101.11,36.65,0,1,1,1,3,NONE,88,498
2026-05-28T00:02:56.423,2469419,-0.9,-0.29,0.08,18.8,-14.4,9.2,-32.9,52.3,19.4,101.11,36.65,0,1,1,1,3,NONE,108,651
2026-05-28T00:02:56.474,2469473,-1.0,-0.36,0.17,23.6,-18.1,7.9,-32.1,51.7,20.3,101.112,36.64,0,1,1,1,3,NONE,112,416
2026-05-28T00:02:56.514,2469519,-0.97,-0.36,0.16,0.2,-18.2,10.4,-31.6,52.4,20.7,101.107,36.65,0,1,1,1,3,NONE,89,330
2026-05-28T00:02:56.574,2469571,-0.96,-0.28,0.15,29.7,-1.9,10.7,-31.4,52.5,20.1,101.112,36.65,0,1,1,1,3,NONE,83,393
2026-05-28T00:02:56.624,2469622,-0.77,-0.59,0.15,33.2,8.5,11.1,-31.1,51.8,21.4,101.115,36.65,0,1,1,1,3,NONE,63,377
2026-05-28T00:02:56.674,2469671,-0.89,-0.51,0.15,13.1,-1.6,7.4,-30.5,51.6,21.9,101.113,36.64,0,1,1,1,3,NONE,135,670
2026-05-28T00:02:56.724,2469719,-0.89,-0.46,0.08,6.7,3.4,5.6,-30.4,51.1,23.3,101.112,36.65,0,1,1,1,3,NONE,64,305
2026-05-28T00:02:56.774,2469771,-0.91,-0.48,0.09,9.3,11.9,7.5,-29.7,51.1,23.3,101.107,36.65,0,1,1,1,3,NONE,52,340
2026-05-28T00:02:56.824,2469821,-0.92,-0.49,0.12,4.5,22.2,5.7,-30.8,52.0,22.5,101.11,36.65,0,1,1,1,3,NONE,47,335
2026-05-28T00:02:56.874,2469870,-0.89,-0.51,0.12,-1.6,26.2,6.8,-30.9,51.9,22.2,101.11,36.65,0,1,1,1,3,NONE,32,199
2026-05-28T00:02:56.925,2469921,-0.84,-0.49,0.14,0.2,31.8,7.9,-30.9,51.3,21.8,101.113,36.65,0,1,1,1,3,NONE,78,343
2026-05-28T00:02:56.974,2469973,-0.84,-0.5,0.11,-6.2,25.1,3.6,-31.8,51.6,20.5,101.108,36.65,0,1,1,1,3,NONE,39,273
2026-05-28T00:02:57.023,2470019,-0.83,-0.47,0.08,-11.5,17.8,3.9,-32.1,51.9,21.1,101.108,36.65,0,1,1,1,3,NONE,54,205
2026-05-28T00:02:57.074,2470071,-0.8,-0.52,0.14,-20.1,13.7,0.4,-32.1,52.1,19.7,101.11,36.65,0,1,1,1,3,NONE,94,232
2026-05-28T00:02:57.119,2470119,-0.84,-0.29,0.25,-22.0,24.5,-12.6,-32.5,53.3,19.7,101.108,36.65,0,1,1,1,3,NONE,58,324
2026-05-28T00:02:57.175,2470171,-0.97,-0.49,0.32,3.2,34.9,-18.7,-33.5,53.5,19.6,101.11,36.64,0,1,1,1,3,NONE,44,237
2026-05-28T00:02:57.224,2470223,-0.78,-0.45,0.29,-19.7,9.5,-3.4,-33.8,52.8,17.4,101.114,36.64,0,1,1,1,3,NONE,38,82
2026-05-28T00:02:57.274,2470271,-0.92,-0.3,0.32,-4.5,15.1,-7.4,-34.3,53.9,17.9,101.113,36.64,0,1,1,1,3,NONE,22,142
2026-05-28T00:02:57.325,2470322,-0.87,-0.32,0.27,0.2,6.7,-7.8,-34.9,53.8,17.5,101.109,36.65,0,1,1,1,3,NONE,35,175
2026-05-28T00:02:57.373,2470371,-0.92,-0.33,0.34,6.0,9.8,-3.2,-35.0,53.8,17.8,101.114,36.64,0,1,1,1,3,NONE,36,206
2026-05-28T00:02:57.422,2470419,-0.92,-0.41,0.34,7.1,9.5,-2.7,-35.3,53.6,16.9,101.109,36.65,0,1,1,1,3,NONE,22,121
2026-05-28T00:02:57.474,2470472,-0.88,-0.33,0.33,6.8,7.2,-0.6,-35.1,53.6,17.7,101.109,36.64,0,1,1,1,3,NONE,27,144
2026-05-28T00:02:57.524,2470521,-0.85,-0.36,0.33,8.8,8.1,3.4,-35.1,53.6,16.5,101.111,36.65,0,1,1,1,3,NONE,26,148
2026-05-28T00:02:57.574,2470570,-0.89,-0.38,0.3,4.9,4.8,6.8,-34.8,53.9,17.6,101.111,36.64,0,1,1,1,3,NONE,32,200
2026-05-28T00:02:57.624,2470621,-0.87,-0.38,0.3,-0.9,1.6,10.1,-35.2,53.6,16.1,101.111,36.65,0,1,1,1,3,NONE,36,212
2026-05-28T00:02:57.674,2470673,-0.86,-0.34,0.27,-2.0,-3.1,9.0,-35.1,54.3,17.0,101.112,36.64,0,1,1,1,3,NONE,59,285
2026-05-28T00:02:57.723,2470719,-0.86,-0.28,0.2,7.9,-6.3,9.8,-34.6,54.4,17.3,101.111,36.64,0,1,1,1,3,NONE,44,240
2026-05-28T00:02:57.776,2470773,-0.92,-0.41,0.39,25.5,-6.5,11.2,-34.1,54.5,16.8,101.114,36.64,0,1,1,1,3,NONE,104,385
2026-05-28T00:02:57.822,2470819,-0.91,-0.42,0.37,-16.1,-22.3,9.7,-33.6,54.5,18.9,101.111,36.65,0,1,1,1,3,NONE,60,343
2026-05-28T00:02:57.874,2470871,-1.01,-0.21,0.26,18.1,-6.7,4.1,-33.2,55.3,18.2,101.111,36.65,0,1,1,1,3,NONE,54,267
2026-05-28T00:02:57.924,2470923,-0.78,-0.5,0.27,28.3,1.6,2.3,-32.9,55.0,18.6,101.109,36.64,0,1,1,1,3,NONE,52,243
2026-05-28T00:02:57.974,2470971,-0.82,-0.49,0.23,25.0,-1.7,8.9,-32.3,54.7,19.0,101.112,36.65,0,1,1,1,3,NONE,31,171
2026-05-28T00:02:58.023,2471019,-0.89,-0.51,0.19,5.9,-12.2,5.7,-32.3,54.0,19.8,101.112,36.65,0,1,1,1,3,NONE,47,210
2026-05-28T00:02:58.074,2471071,-0.88,-0.44,0.19,16.2,-3.4,3.9,-31.9,54.4,20.3,101.109,36.64,0,1,1,1,3,NONE,29,170
2026-05-28T00:02:58.122,2471120,-0.87,-0.54,0.17,16.4,-1.0,-0.4,-31.9,54.4,20.3,101.111,36.64,0,1,1,1,3,NONE,41,160
2026-05-28T00:02:58.173,2471171,-0.85,-0.49,0.15,3.8,-7.0,0.3,-31.3,53.9,21.2,101.108,36.65,0,1,1,1,3,NONE,27,122
2026-05-28T00:02:58.225,2471223,-0.82,-0.46,0.09,0.3,-9.6,0.8,-30.4,53.8,20.2,101.111,36.64,0,1,1,1,3,NONE,42,161
2026-05-28T00:02:58.273,2471271,-0.84,-0.47,0.15,2.0,-5.6,0.0,-29.9,54.2,20.4,101.113,36.64,0,1,1,1,3,NONE,39,189
2026-05-28T00:02:58.325,2471322,-0.76,-0.48,0.09,2.8,-6.5,0.4,-30.3,54.1,20.8,101.108,36.65,0,1,1,1,3,NONE,35,144
2026-05-28T00:02:58.372,2471369,-0.64,-0.53,0.08,-4.4,-19.5,1.6,-29.6,54.0,21.6,101.108,36.64,0,1,1,1,3,NONE,62,116
2026-05-28T00:02:58.424,2471423,-1.58,-0.4,0.44,-4.3,-7.5,-9.4,-29.8,55.1,21.4,101.11,36.65,0,1,1,1,3,NONE,80,225
2026-05-28T00:02:58.474,2471471,-0.75,-0.73,0.12,-3.5,3.8,0.5,-29.5,54.4,21.5,101.111,36.64,0,1,1,1,3,NONE,23,129
2026-05-28T00:02:58.523,2471522,-1.03,-0.25,0.18,-25.0,-7.3,10.3,-28.2,55.5,20.6,101.109,36.64,0,1,1,1,3,NONE,54,250
2026-05-28T00:02:58.572,2471571,-1.04,-0.45,0.12,8.4,17.0,-0.1,-28.5,55.3,20.3,101.109,36.64,0,1,1,1,3,NONE,57,154
2026-05-28T00:02:58.622,2471619,-0.91,-0.44,0.21,-5.1,15.5,6.0,-29.1,55.2,20.2,101.111,36.64,0,1,1,1,3,NONE,45,191
2026-05-28T00:02:58.674,2471671,-0.91,-0.33,0.09,-24.4,12.3,1.5,-29.2,56.5,20.3,101.111,36.64,0,1,1,1,3,NONE,51,291
2026-05-28T00:02:58.724,2471721,-0.88,-0.36,0.19,-28.1,7.1,-5.7,-29.5,56.2,18.0,101.112,36.64,0,1,1,1,3,NONE,41,228
2026-05-28T00:02:58.770,2471770,-0.86,-0.3,0.14,-23.2,0.4,0.1,-29.7,57.3,17.6,101.108,36.64,0,1,1,1,3,NONE,56,281
2026-05-28T00:02:58.822,2471821,-0.93,-0.28,0.11,0.2,2.7,7.3,-29.5,57.7,17.0,101.108,36.65,0,1,1,1,3,NONE,43,220
2026-05-28T00:02:58.875,2471873,-0.87,-0.29,0.07,18.5,3.8,2.3,-29.1,57.6,16.0,101.109,36.64,0,1,1,1,3,NONE,40,137
2026-05-28T00:02:58.922,2471919,-0.91,-0.35,0.18,28.7,12.2,9.8,-28.7,57.1,16.8,101.109,36.64,0,1,1,1,3,NONE,47,188
2026-05-28T00:02:58.973,2471971,-0.84,-0.41,0.27,22.0,21.7,16.4,-28.2,57.1,18.0,101.106,36.63,0,1,1,1,3,NONE,49,186
2026-05-28T00:02:59.022,2472019,-0.71,-0.29,0.25,32.5,40.6,17.5,-28.6,56.9,18.4,101.114,36.64,0,1,1,1,3,NONE,32,145
2026-05-28T00:02:59.075,2472071,-0.91,-0.76,0.29,-24.2,34.2,15.1,-29.1,57.4,17.5,101.112,36.65,0,2,1,1,4,NONE,56,325
2026-05-28T00:02:59.123,2472122,-1.11,-0.47,0.32,6.2,43.3,-3.5,-29.4,57.2,18.5,101.106,36.64,0,2,1,1,4,NONE,53,213
2026-05-28T00:02:59.174,2472171,-0.81,-0.69,0.28,-16.8,21.7,-5.0,-30.0,57.3,17.5,101.11,36.64,0,1,1,1,3,NONE,42,197
2026-05-28T00:02:59.221,2472219,-0.87,-0.42,0.25,-16.5,19.0,-3.5,-30.2,57.3,17.1,101.113,36.65,0,1,1,1,3,NONE,61,183
2026-05-28T00:02:59.274,2472271,-0.76,-0.41,0.21,-1.3,19.5,-3.5,-30.8,57.8,15.3,101.109,36.64,0,1,1,1,3,NONE,20,113
2026-05-28T00:02:59.324,2472321,-0.74,-0.46,0.24,4.6,8.9,0.4,-31.2,58.1,17.3,101.111,36.64,0,1,1,1,3,NONE,44,181
2026-05-28T00:02:59.373,2472369,-0.72,-0.49,0.14,6.2,-8.9,1.0,-30.4,58.2,16.7,101.113,36.65,0,1,1,1,3,NONE,39,137
2026-05-28T00:02:59.425,2472421,-0.68,-0.35,0.11,12.3,-23.6,4.8,-30.4,57.8,16.0,101.11,36.64,0,1,1,1,3,NONE,66,305
2026-05-28T00:02:59.475,2472473,-0.61,-0.45,0.03,27.3,-42.1,11.5,-29.1,57.3,17.7,101.112,36.65,0,1,1,1,3,NONE,80,409
2026-05-28T00:02:59.522,2472519,-0.74,-0.48,0.08,16.3,-54.3,4.2,-27.9,57.3,18.2,101.11,36.64,0,1,1,1,3,NONE,67,295
2026-05-28T00:02:59.573,2472571,-0.67,-0.35,0.01,11.5,-51.4,3.5,-26.6,56.7,19.3,101.109,36.64,0,1,1,1,3,NONE,68,393
2026-05-28T00:02:59.622,2472619,-0.71,-0.34,-0.01,19.5,-42.1,3.0,-25.0,56.3,19.7,101.111,36.65,0,1,1,1,3,NONE,56,255
2026-05-28T00:02:59.674,2472671,-0.52,-0.33,-0.1,14.8,-45.1,4.8,-23.9,56.2,20.8,101.113,36.64,0,1,1,1,3,NONE,41,230
2026-05-28T00:02:59.724,2472722,-0.67,-0.02,-0.31,63.8,-60.2,0.2,-22.3,55.1,21.7,101.112,36.64,0,1,1,1,3,NONE,96,423
2026-05-28T00:02:59.774,2472771,-0.45,-0.35,-0.3,68.4,-54.0,-2.7,-20.8,53.6,23.9,101.115,36.65,0,1,1,1,3,NONE,98,709
2026-05-28T00:02:59.821,2472819,-0.62,-0.42,-0.18,49.6,-11.9,13.7,-19.1,52.1,23.9,101.112,36.64,0,1,1,1,3,NONE,90,430
2026-05-28T00:02:59.874,2472871,-0.69,-0.67,-0.33,-9.8,26.8,29.9,-18.8,51.0,23.3,101.113,36.64,0,1,0,0,1,NONE,66,376
2026-05-28T00:02:59.923,2472921,-1.24,-1.37,-0.39,-99.2,51.1,21.1,-19.4,52.3,23.3,101.116,36.64,0,1,0,0,1,NONE,131,669
2026-05-28T00:02:59.972,2472969,-2.16,-1.97,0.05,-137.6,65.1,33.8,-19.8,54.9,21.0,101.112,36.65,0,1,0,0,1,NONE,229,758
2026-05-28T00:03:00.024,2473021,-0.79,-0.15,0.19,-125.5,158.6,-4.7,-20.2,57.7,16.6,101.112,36.64,0,1,0,0,1,NONE,91,573
2026-05-28T00:03:00.069,2473073,-0.26,-0.12,0.01,-108.3,152.3,10.9,-22.1,60.0,12.2,101.115,36.64,0,1,0,0,1,NONE,92,592
2026-05-28T00:03:00.122,2473119,0.06,0.05,-0.14,-109.7,150.8,-2.6,-23.2,60.5,9.1,101.11,36.64,0,1,0,0,1,NONE,197,2780
2026-05-28T00:03:00.175,2473171,-0.11,0.3,0.23,-183.2,103.1,-24.8,-24.6,61.6,3.8,101.11,36.64,0,1,0,1,2,NONE,256,876
2026-05-28T00:03:00.219,2473219,-0.46,0.79,0.37,-190.2,72.8,-71.5,-25.1,60.2,-2.6,101.112,36.64,0,1,0,1,2,NONE,258,1565
2026-05-28T00:03:00.270,2473271,-1.38,1.25,2.67,-111.2,184.6,-93.0,-26.9,58.1,-7.8,101.121,36.64,0,1,1,1,3,NONE,427,944
2026-05-28T00:03:00.322,2473323,0.11,1.36,3.48,-20.0,179.0,-22.9,-26.7,55.4,-12.6,101.122,36.64,0,1,1,1,3,NONE,554,1245
2026-05-28T00:03:00.373,2473371,0.03,0.35,1.65,-25.5,85.0,57.1,-24.7,55.3,-14.7,101.118,36.65,0,1,1,1,3,NONE,587,915
2026-05-28T00:03:00.423,2473419,0.45,-0.08,0.96,-96.9,23.1,34.1,-22.6,54.6,-15.5,101.121,36.64,0,1,1,1,3,NONE,188,592
2026-05-28T00:03:00.473,2473471,0.01,0.51,0.52,-66.5,5.0,83.4,-21.8,53.7,-17.8,101.117,36.64,0,1,0,1,2,NONE,238,781
2026-05-28T00:03:00.524,2473521,-0.03,0.17,0.27,-10.7,9.8,45.0,-19.7,52.8,-20.3,101.118,36.64,0,1,0,1,2,NONE,150,714
2026-05-28T00:03:00.572,2473570,-0.2,0.44,0.44,-17.3,-29.7,15.1,-19.8,52.0,-20.1,101.117,36.63,0,1,0,1,2,NONE,130,506
2026-05-28T00:03:00.623,2473621,-0.2,0.32,0.77,-1.0,-25.7,17.9,-20.1,51.5,-20.8,101.122,36.64,0,1,0,1,2,NONE,98,608
2026-05-28T00:03:00.672,2473673,-0.52,1.01,0.95,20.1,-7.0,-3.2,-20.8,51.3,-20.8,101.121,36.64,0,1,0,1,2,NONE,114,545
2026-05-28T00:03:00.722,2473719,-0.54,1.09,0.8,76.7,14.8,-31.4,-20.6,51.4,-20.6,101.118,36.64,0,1,0,1,2,NONE,167,706
2026-05-28T00:03:00.772,2473771,-0.42,-0.16,1.23,17.0,30.2,-39.9,-21.4,52.6,-19.3,101.12,36.64,0,1,1,1,3,NONE,112,604
2026-05-28T00:03:00.822,2473819,-0.08,0.19,1.25,-7.4,42.7,-11.2,-21.9,53.5,-17.2,101.121,36.64,0,1,1,1,3,NONE,153,403
2026-05-28T00:03:00.874,2473871,-0.34,0.15,0.65,22.6,17.8,-5.7,-21.5,53.6,-19.0,101.115,36.64,0,1,1,1,3,NONE,110,368
2026-05-28T00:03:00.922,2473923,-0.18,0.02,0.64,49.1,8.8,13.6,-22.0,53.6,-19.3,101.12,36.64,0,1,1,1,3,NONE,48,308
2026-05-28T00:03:00.973,2473971,-0.08,-0.07,0.84,33.0,-0.1,17.3,-21.8,54.6,-16.9,101.122,36.64,0,1,1,1,3,NONE,56,239
2026-05-28T00:03:01.019,2474019,-0.2,0.09,1.07,21.1,-4.2,17.7,-21.3,55.2,-16.1,101.12,36.64,0,1,1,1,3,NONE,72,311
2026-05-28T00:03:01.073,2474071,-0.26,0.43,1.13,13.2,2.8,1.1,-20.4,55.6,-15.2,101.118,36.64,0,1,1,1,3,NONE,58,240
2026-05-28T00:03:01.123,2474121,-0.15,0.34,1.05,20.3,8.1,-4.8,-21.3,55.7,-14.3,101.121,36.64,0,1,1,1,3,NONE,88,442
2026-05-28T00:03:01.172,2474170,-0.15,0.22,0.89,5.0,2.7,-7.0,-20.5,55.0,-14.2,101.123,36.63,0,1,1,1,3,NONE,57,262
2026-05-28T00:03:01.223,2474221,-0.13,0.15,0.83,10.5,-1.0,-5.3,-21.2,55.9,-15.8,101.122,36.64,0,1,1,1,3,NONE,59,243
2026-05-28T00:03:01.273,2474273,-0.15,0.16,0.95,15.1,-1.2,-1.6,-21.5,56.0,-15.0,101.121,36.64,0,1,1,1,3,NONE,62,243
2026-05-28T00:03:01.319,2474319,-0.21,0.17,0.99,10.4,2.3,1.9,-21.5,55.6,-15.3,101.117,36.63,0,1,1,1,3,NONE,31,144
2026-05-28T00:03:01.372,2474371,-0.23,0.16,0.95,4.5,3.4,1.3,-22.2,56.2,-15.1,101.121,36.63,0,1,1,1,3,NONE,43,210
2026-05-28T00:03:01.421,2474419,-0.22,0.14,0.93,5.0,3.7,2.7,-21.3,56.9,-14.3,101.12,36.63,0,1,1,1,3,NONE,40,175
2026-05-28T00:03:01.472,2474471,-0.21,0.17,0.93,4.8,2.7,2.9,-21.2,56.0,-14.3,101.119,36.64,0,1,1,1,3,NONE,41,211
2026-05-28T00:03:01.524,2474523,-0.19,0.18,0.95,5.6,2.3,2.2,-20.8,56.0,-14.2,101.116,36.63,0,1,1,1,3,NONE,42,149
2026-05-28T00:03:01.574,2474571,-0.18,0.17,0.95,5.5,3.8,0.7,-21.4,56.6,-14.8,101.118,36.63,0,1,1,1,3,NONE,43,219
2026-05-28T00:03:01.618,2474619,-0.18,0.14,0.94,4.6,4.0,0.5,-21.9,56.1,-14.4,101.121,36.63,0,1,1,1,3,NONE,37,204
2026-05-28T00:03:01.667,2474671,-0.18,0.15,0.94,3.9,2.7,1.9,-21.2,55.9,-14.2,101.12,36.63,0,1,1,1,3,NONE,64,335
2026-05-28T00:03:01.723,2474721,-0.2,0.16,0.94,3.1,2.3,2.9,-21.4,56.1,-14.3,101.123,36.62,0,1,1,1,3,NONE,106,504
2026-05-28T00:03:01.771,2474770,-0.22,0.17,0.96,2.1,3.1,2.6,-21.1,56.0,-15.0,101.119,36.63,0,1,1,1,3,NONE,119,546
2026-05-28T00:03:01.823,2474821,-0.21,0.19,0.95,-4.2,2.3,0.1,-20.6,56.1,-15.3,101.117,36.63,0,1,1,1,3,NONE,63,333
2026-05-28T00:03:01.875,2474873,-0.19,0.19,0.91,0.5,7.6,-0.1,-21.2,56.1,-15.8,101.119,36.63,0,1,1,1,3,NONE,33,222
2026-05-28T00:03:01.921,2474919,-0.17,0.17,0.94,-12.5,4.7,1.6,-21.1,55.5,-16.3,101.121,36.63,0,1,1,1,3,NONE,63,343
2026-05-28T00:03:01.973,2474971,-0.19,0.25,0.91,7.0,7.1,0.4,-21.7,55.7,-15.0,101.119,36.63,0,1,1,1,3,NONE,96,535
2026-05-28T00:03:02.023,2475019,-0.18,0.18,0.92,7.9,2.7,0.9,-21.4,55.7,-14.1,101.119,36.63,0,1,1,1,3,NONE,55,280
2026-05-28T00:03:02.074,2475071,-0.18,0.18,0.95,9.6,5.3,1.5,-21.2,55.7,-14.8,101.121,36.63,0,1,1,1,3,NONE,60,286
2026-05-28T00:03:02.124,2475123,-0.18,0.19,0.95,9.1,6.7,1.9,-21.3,56.4,-15.2,101.117,36.63,0,1,1,1,3,NONE,97,476
2026-05-28T00:03:02.174,2475171,-0.18,0.2,0.96,-4.8,5.5,2.6,-21.1,55.6,-15.8,101.12,36.63,0,1,1,1,3,NONE,51,242
2026-05-28T00:03:02.214,2475219,-0.2,0.2,0.89,3.8,6.8,0.1,-20.8,55.3,-15.2,101.121,36.63,0,1,1,1,3,NONE,68,233
2026-05-28T00:03:02.274,2475271,-0.18,0.18,1.0,3.0,4.6,1.0,-21.5,56.2,-16.0,101.12,36.62,0,1,1,1,3,NONE,89,457
2026-05-28T00:03:02.324,2475321,-0.18,0.21,0.9,7.2,8.4,-0.7,-20.9,55.6,-15.1,101.122,36.62,0,1,1,1,3,NONE,56,299
2026-05-28T00:03:02.372,2475369,-0.16,0.13,0.98,5.6,6.3,-0.4,-21.0,55.2,-15.0,101.12,36.63,0,1,1,1,3,NONE,58,286
2026-05-28T00:03:02.424,2475421,-0.2,0.2,0.9,-1.3,2.6,1.3,-21.2,55.0,-15.1,101.122,36.62,0,1,1,1,3,NONE,69,263
2026-05-28T00:03:02.471,2475473,-0.13,0.17,0.89,12.3,5.1,0.2,-21.3,55.8,-14.8,101.12,36.62,0,1,1,1,3,NONE,58,246
2026-05-28T00:03:02.521,2475519,-0.15,0.19,0.99,5.6,9.3,1.6,-21.1,55.4,-15.2,101.12,36.63,0,1,1,1,3,NONE,42,236
2026-05-28T00:03:02.572,2475571,-0.17,0.16,1.0,6.1,5.6,-0.6,-21.2,56.3,-15.3,101.118,36.62,0,1,1,1,3,NONE,60,244
2026-05-28T00:03:02.622,2475619,-0.14,0.16,0.93,9.8,5.9,-1.3,-21.1,56.0,-14.5,101.119,36.63,0,1,1,1,3,NONE,66,248
2026-05-28T00:03:02.672,2475671,-0.16,0.13,0.9,4.7,2.3,2.6,-21.5,55.8,-14.9,101.121,36.62,0,1,1,1,3,NONE,40,205
2026-05-28T00:03:02.726,2475723,-0.18,0.19,1.12,-5.7,2.0,6.4,-21.0,55.8,-14.3,101.121,36.63,0,1,1,1,3,NONE,53,179
2026-05-28T00:03:02.772,2475771,-0.22,0.33,0.87,8.4,2.9,-1.2,-20.9,55.9,-15.1,101.116,36.62,0,1,1,1,3,NONE,52,142
2026-05-28T00:03:02.821,2475819,-0.12,0.18,0.9,24.8,4.3,-2.5,-21.2,56.7,-14.2,101.118,36.62,0,1,1,1,3,NONE,37,184
2026-05-28T00:03:02.873,2475871,-0.13,0.04,0.86,13.7,4.3,-2.4,-21.2,56.1,-14.0,101.121,36.63,0,1,1,1,3,NONE,29,138
2026-05-28T00:03:02.918,2475919,-0.11,0.09,0.86,-7.3,-0.6,-1.3,-21.5,56.4,-15.2,101.12,36.62,0,1,1,1,3,NONE,31,138
2026-05-28T00:03:02.971,2475971,-0.17,0.25,0.93,-1.5,-3.0,4.3,-22.0,56.1,-13.7,101.121,36.62,0,1,1,1,3,NONE,58,195
2026-05-28T00:03:03.021,2476021,-0.17,0.17,1.03,3.5,-4.2,6.4,-21.3,56.3,-15.7,101.121,36.62,0,1,1,1,3,NONE,99,795
2026-05-28T00:03:03.073,2476069,-0.23,0.19,1.01,6.0,-1.1,5.7,-21.8,56.1,-14.9,101.115,36.62,0,1,1,1,3,NONE,76,446
2026-05-28T00:03:03.124,2476121,-0.18,0.11,1.05,0.9,3.1,4.3,-21.4,56.4,-14.4,101.121,36.62,0,1,1,1,3,NONE,56,252
2026-05-28T00:03:03.175,2476173,-0.23,0.26,0.84,-6.7,6.0,-0.7,-21.8,56.0,-14.3,101.118,36.61,0,1,1,1,3,NONE,50,232
2026-05-28T00:03:03.223,2476219,-0.13,0.13,0.87,7.2,7.5,-1.3,-22.0,56.4,-15.1,101.12,36.61,0,1,1,1,3,NONE,60,254
2026-05-28T00:03:03.271,2476271,-0.14,0.14,0.96,5.2,1.9,1.3,-21.3,56.2,-15.1,101.117,36.62,0,1,1,1,3,NONE,52,170
2026-05-28T00:03:03.321,2476319,-0.12,0.15,0.99,2.1,2.4,3.4,-21.7,55.8,-16.2,101.122,36.62,0,1,1,1,3,NONE,52,194
2026-05-28T00:03:03.373,2476371,-0.15,0.19,0.97,-2.0,-1.6,3.1,-21.8,56.1,-15.7,101.116,36.62,0,1,1,1,3,NONE,55,192
2026-05-28T00:03:03.422,2476422,-0.22,0.19,0.9,-1.5,4.0,2.1,-21.7,56.2,-14.6,101.121,36.62,0,1,1,1,3,NONE,45,188
2026-05-28T00:03:03.472,2476471,-0.2,0.22,0.88,1.9,13.2,-0.9,-21.5,55.5,-15.9,101.117,36.61,0,1,1,1,3,NONE,54,198
2026-05-28T00:03:03.522,2476519,-0.16,0.14,0.79,-1.6,3.4,-2.3,-22.0,55.6,-15.1,101.117,36.61,0,1,1,1,3,NONE,43,168
2026-05-28T00:03:03.572,2476571,-0.24,0.29,0.89,15.7,-3.8,-9.0,-22.1,55.7,-15.3,101.118,36.61,0,1,1,1,3,NONE,49,204
2026-05-28T00:03:03.623,2476621,-0.07,-0.06,1.0,0.9,-15.4,-6.5,-22.2,55.5,-14.6,101.118,36.61,0,1,1,1,3,NONE,65,262
2026-05-28T00:03:03.672,2476669,-0.22,0.3,1.16,4.2,-17.5,-3.4,-22.7,55.5,-14.7,101.116,36.61,0,1,1,1,3,NONE,58,350
2026-05-28T00:03:03.724,2476721,-0.12,0.15,0.97,12.1,-10.9,-3.6,-22.9,55.6,-14.9,101.119,36.61,0,1,1,1,3,NONE,39,194
2026-05-28T00:03:03.776,2476773,-0.27,0.25,0.93,1.9,-19.4,-10.4,-23.8,55.8,-14.5,101.12,36.61,0,1,1,1,3,NONE,69,229
2026-05-28T00:03:03.820,2476819,-0.31,0.21,0.81,3.8,-18.1,-12.9,-24.3,55.2,-15.6,101.122,36.61,0,1,1,1,3,NONE,60,225
2026-05-28T00:03:03.875,2476871,-0.33,0.2,0.92,19.9,-6.7,-4.3,-25.0,55.2,-14.2,101.119,36.61,0,1,1,1,3,NONE,63,404
2026-05-28T00:03:03.920,2476919,-0.37,0.14,0.93,8.6,-13.5,-4.2,-25.4,55.5,-14.8,101.119,36.61,0,1,1,1,3,NONE,97,475
2026-05-28T00:03:03.975,2476971,-0.27,0.23,0.94,14.5,-8.0,3.1,-26.1,55.6,-14.8,101.121,36.61,0,1,1,1,3,NONE,150,687
2026-05-28T00:03:04.022,2477022,-0.31,0.14,0.9,16.2,-4.9,3.8,-26.2,55.8,-13.5,101.123,36.62,0,1,1,1,3,NONE,122,533
2026-05-28T00:03:04.072,2477071,-0.33,0.16,0.91,10.9,-4.6,3.5,-26.5,56.4,-13.5,101.12,36.61,0,1,1,1,3,NONE,42,221
2026-05-28T00:03:04.120,2477119,-0.37,0.12,0.92,1.5,-4.3,0.2,-26.8,56.2,-13.7,101.118,36.61,0,1,1,1,3,NONE,56,258
2026-05-28T00:03:04.173,2477171,-0.41,0.24,1.02,9.5,-11.8,-9.5,-26.4,56.0,-12.8,101.119,36.61,0,1,1,1,3,NONE,62,255
2026-05-28T00:03:04.222,2477221,-0.42,0.11,0.91,5.9,-4.6,-7.1,-26.7,55.5,-12.8,101.121,36.61,0,1,1,1,3,NONE,43,205
2026-05-28T00:03:04.272,2477269,-0.27,0.04,0.73,15.1,4.8,-15.9,-27.2,55.7,-12.1,101.117,36.61,0,1,1,1,3,NONE,142,674
2026-05-28T00:03:04.323,2477321,-0.35,0.12,0.8,25.8,3.1,-13.5,-27.4,55.8,-11.2,101.118,36.61,0,1,1,1,3,NONE,223,714
2026-05-28T00:03:04.375,2477373,-0.36,0.13,1.1,10.3,-13.1,-6.1,-28.0,55.9,-10.3,101.121,36.61,0,1,1,1,3,NONE,123,442
2026-05-28T00:03:04.421,2477419,-0.42,0.14,1.1,-13.6,-17.7,-2.8,-28.1,55.9,-11.4,101.12,36.61,0,1,1,1,3,NONE,48,224
